field,record_index,narrative_complexity,narrative_coherence,framing_conflict,mutual_information,entanglement_strength,sentiment_entropy,sentiment_coherence,average_sentiment
新聞標題,0,0,0.5640500216259794,0.502,1.8156957082998173e-15,5.53440079829327e-16,0,1.0,0.0
新聞標題,1,0,0.5640500216259794,0.497,1.8156957082998173e-15,5.53440079829327e-16,0,1.0,0.07142857142857142
新聞標題,2,0,0.7434289137198955,0.492,1.8156957082998173e-15,5.53440079829327e-16,0,1.0,0.0
新聞標題,3,0,0.7813896309955234,0.516,1.8156957082998173e-15,5.53440079829327e-16,0,1.0,0.0
新聞標題,4,0,0.5640500216259794,0.506,1.8156957082998173e-15,5.53440079829327e-16,0,1.0,0.0
新聞標題,5,0,0.7434289137198955,0.497,1.8156957082998173e-15,5.53440079829327e-16,0,1.0,0.0
新聞標題,6,0,0.7434289137198956,0.514,1.8156957082998173e-15,5.53440079829327e-16,0,1.0,0.0
新聞標題,7,0,0.7434289137198957,0.5,1.8156957082998173e-15,5.53440079829327e-16,0,1.0,0.0
新聞標題,8,0,0.5640500216259794,0.492,1.8156957082998173e-15,5.53440079829327e-16,0,1.0,0.0
新聞標題,9,0,0.7434289137198956,0.485,1.8156957082998173e-15,5.53440079829327e-16,0,1.0,0.0
新聞標題,10,0,0.7824162252007762,0.491,1.8156957082998173e-15,5.53440079829327e-16,0,1.0,0.0
新聞標題,11,0,0.7434289137198957,0.497,1.8156957082998173e-15,5.53440079829327e-16,0,1.0,0.0
新聞標題,12,0,0.5640500216259794,0.478,1.8156957082998173e-15,5.53440079829327e-16,0,1.0,0.0
新聞標題,13,0,0.5640500216259794,0.507,1.8156957082998173e-15,5.53440079829327e-16,0,1.0,0.0
新聞標題,14,0,0.5640500216259794,0.501,1.8156957082998173e-15,5.53440079829327e-16,0,1.0,0.0
新聞標題,15,0,0.5640500216259794,0.501,1.8156957082998173e-15,5.53440079829327e-16,0,1.0,0.0
新聞標題,16,0,0.5640500216259794,0.487,1.8156957082998173e-15,5.53440079829327e-16,0,1.0,0.0
新聞標題,17,0,0.7434289137198955,0.501,1.8156957082998173e-15,5.53440079829327e-16,0,1.0,0.0
新聞標題,18,0,0.5640500216259794,0.499,1.8156957082998173e-15,5.53440079829327e-16,0,1.0,0.0
新聞標題,19,0,0.5640500216259794,0.512,1.8156957082998173e-15,5.53440079829327e-16,0,1.0,0.0
新聞標題,20,0,0.5640500216259794,0.522,1.8156957082998173e-15,5.53440079829327e-16,0,1.0,0.0
新聞標題,21,0,0.7434289137198956,0.502,1.8156957082998173e-15,5.53440079829327e-16,0,1.0,0.0
新聞標題,22,0,0.782416225200776,0.487,1.8156957082998173e-15,5.53440079829327e-16,0,1.0,0.0
新聞標題,23,0,0.5640500216259794,0.518,1.8156957082998173e-15,5.53440079829327e-16,0,1.0,0.0
新聞標題,24,0,0.5640500216259794,0.487,1.8156957082998173e-15,5.53440079829327e-16,0,1.0,0.0
新聞標題,25,0,0.5640500216259794,0.495,1.8156957082998173e-15,5.53440079829327e-16,0,1.0,0.0
新聞標題,26,0,0.5640500216259794,0.509,1.8156957082998173e-15,5.53440079829327e-16,0,1.0,0.0
新聞標題,27,0,0.5640500216259794,0.518,1.8156957082998173e-15,5.53440079829327e-16,0,1.0,0.0
新聞標題,28,0,0.5640500216259794,0.512,1.8156957082998173e-15,5.53440079829327e-16,0,1.0,0.0
新聞標題,29,0,0.5640500216259794,0.512,1.8156957082998173e-15,5.53440079829327e-16,0,1.0,0.0
新聞標題,30,0,0.5640500216259794,0.504,1.8156957082998173e-15,5.53440079829327e-16,0,1.0,0.0
新聞標題,31,0,0.5640500216259794,0.488,1.8156957082998173e-15,5.53440079829327e-16,0,1.0,0.0
新聞標題,32,0,0.7434289137198955,0.502,1.8156957082998173e-15,5.53440079829327e-16,0,1.0,0.0
新聞標題,33,0,0.9420872427956631,0.509,1.8156957082998173e-15,5.53440079829327e-16,0,1.0,0.0
新聞標題,34,0,0.5640500216259794,0.455,1.8156957082998173e-15,5.53440079829327e-16,0,1.0,0.0
新聞標題,35,0,0.5640500216259794,0.498,1.8156957082998173e-15,5.53440079829327e-16,0,1.0,0.0
新聞標題,36,0,0.5640500216259794,0.509,1.8156957082998173e-15,5.53440079829327e-16,0,1.0,0.0
新聞標題,37,0,0.7611664297623237,0.508,1.8156957082998173e-15,5.53440079829327e-16,0,1.0,0.0
新聞標題,38,0,0.7434289137198957,0.511,1.8156957082998173e-15,5.53440079829327e-16,0,1.0,0.0
新聞標題,39,0,0.5640500216259794,0.525,1.8156957082998173e-15,5.53440079829327e-16,0,1.0,0.0
新聞標題,40,0,0.5640500216259794,0.501,1.8156957082998173e-15,5.53440079829327e-16,0,1.0,0.0
新聞標題,41,0,0.5640500216259794,0.487,1.8156957082998173e-15,5.53440079829327e-16,0,1.0,0.0
新聞標題,42,0,0.5640500216259794,0.499,1.8156957082998173e-15,5.53440079829327e-16,0,1.0,0.0
新聞標題,43,0,0.7824162252007762,0.522,1.8156957082998173e-15,5.53440079829327e-16,0,1.0,0.0
新聞標題,44,0,0.5640500216259794,0.522,1.8156957082998173e-15,5.53440079829327e-16,0,1.0,0.0
新聞標題,45,0,0.5640500216259794,0.517,1.8156957082998173e-15,5.53440079829327e-16,0,1.0,0.0
新聞標題,46,0,0.5640500216259794,0.528,1.8156957082998173e-15,5.53440079829327e-16,0,1.0,0.0
新聞標題,47,0,0.7434289137198956,0.472,1.8156957082998173e-15,5.53440079829327e-16,0,1.0,0.0
新聞標題,48,0,0.5640500216259794,0.493,1.8156957082998173e-15,5.53440079829327e-16,0,1.0,0.0
新聞標題,49,0,0.5640500216259794,0.492,1.8156957082998173e-15,5.53440079829327e-16,0,1.0,0.0
新聞標題,50,0,0.5640500216259794,0.527,1.8156957082998173e-15,5.53440079829327e-16,0,1.0,0.0
新聞標題,51,0,0.7434289137198955,0.512,1.8156957082998173e-15,5.53440079829327e-16,0,1.0,0.0
新聞標題,52,0,0.5640500216259794,0.477,1.8156957082998173e-15,5.53440079829327e-16,0,1.0,0.0
新聞標題,53,0,0.5640500216259794,0.515,1.8156957082998173e-15,5.53440079829327e-16,0,1.0,0.0
新聞標題,54,0,0.7434289137198956,0.495,1.8156957082998173e-15,5.53440079829327e-16,0,1.0,0.0
新聞標題,55,0,0.7434289137198957,0.491,1.8156957082998173e-15,5.53440079829327e-16,0,1.0,0.0
新聞標題,56,0,0.5640500216259794,0.494,1.8156957082998173e-15,5.53440079829327e-16,0,1.0,0.0
新聞標題,57,0,0.7434289137198957,0.498,1.8156957082998173e-15,5.53440079829327e-16,0,1.0,0.0
新聞標題,58,0,0.5640500216259794,0.472,1.8156957082998173e-15,5.53440079829327e-16,0,1.0,0.0
新聞標題,59,0,0.5640500216259794,0.506,1.8156957082998173e-15,5.53440079829327e-16,0,1.0,0.0
新聞標題,60,0,0.5640500216259794,0.486,1.8156957082998173e-15,5.53440079829327e-16,0,1.0,0.0
新聞標題,61,0,0.7434289137198955,0.498,1.8156957082998173e-15,5.53440079829327e-16,0,1.0,0.0
新聞標題,62,0,0.5640500216259794,0.497,1.8156957082998173e-15,5.53440079829327e-16,0,1.0,0.0
新聞標題,63,0,0.5640500216259794,0.53,1.8156957082998173e-15,5.53440079829327e-16,0,1.0,0.0
新聞標題,64,0,0.5640500216259794,0.514,1.8156957082998173e-15,5.53440079829327e-16,0,1.0,0.0
新聞標題,65,0,0.5640500216259794,0.491,1.8156957082998173e-15,5.53440079829327e-16,0,1.0,0.0
新聞標題,66,0,0.5640500216259794,0.492,1.8156957082998173e-15,5.53440079829327e-16,0,1.0,0.0
新聞標題,67,0,0.5640500216259794,0.501,1.8156957082998173e-15,5.53440079829327e-16,0,1.0,0.0
新聞標題,68,0,0.5640500216259794,0.488,1.8156957082998173e-15,5.53440079829327e-16,0,1.0,0.0
新聞標題,69,0,0.5640500216259794,0.484,1.8156957082998173e-15,5.53440079829327e-16,0,1.0,0.0
新聞標題,70,0,0.5640500216259794,0.534,1.8156957082998173e-15,5.53440079829327e-16,0,1.0,0.0
新聞標題,71,0,0.5640500216259794,0.509,1.8156957082998173e-15,5.53440079829327e-16,0,1.0,0.0
新聞標題,72,0,0.7434289137198955,0.516,1.8156957082998173e-15,5.53440079829327e-16,0,1.0,0.0
新聞標題,73,0,0.5640500216259794,0.509,1.8156957082998173e-15,5.53440079829327e-16,0,1.0,0.0
新聞標題,74,0,0.5640500216259794,0.497,1.8156957082998173e-15,5.53440079829327e-16,0,1.0,0.0
新聞標題,75,0,0.7434289137198956,0.519,1.8156957082998173e-15,5.53440079829327e-16,0,1.0,0.0
新聞標題,76,0,0.5640500216259794,0.493,1.8156957082998173e-15,5.53440079829327e-16,0,1.0,0.0
新聞標題,77,0,0.5640500216259794,0.481,1.8156957082998173e-15,5.53440079829327e-16,0,1.0,0.0
新聞標題,78,0,0.5640500216259794,0.508,1.8156957082998173e-15,5.53440079829327e-16,0,1.0,0.0
新聞標題,79,0,0.5640500216259794,0.527,1.8156957082998173e-15,5.53440079829327e-16,0,1.0,0.0
新聞標題,80,0,0.7434289137198957,0.511,1.8156957082998173e-15,5.53440079829327e-16,0,1.0,0.0
新聞標題,81,0,0.7434289137198955,0.512,1.8156957082998173e-15,5.53440079829327e-16,0,1.0,0.0
新聞標題,82,0,0.5640500216259794,0.516,1.8156957082998173e-15,5.53440079829327e-16,0,1.0,0.0
新聞標題,83,0,0.5640500216259794,0.488,1.8156957082998173e-15,5.53440079829327e-16,0,1.0,0.0
新聞標題,84,0,0.5640500216259794,0.513,1.8156957082998173e-15,5.53440079829327e-16,0,1.0,0.0
新聞標題,85,0,0.5640500216259794,0.487,1.8156957082998173e-15,5.53440079829327e-16,0,1.0,0.0
新聞標題,86,0,0.5640500216259794,0.492,1.8156957082998173e-15,5.53440079829327e-16,0,1.0,0.0
新聞標題,87,0,0.5640500216259794,0.493,1.8156957082998173e-15,5.53440079829327e-16,0,1.0,0.0
新聞標題,88,0,0.5640500216259794,0.488,1.8156957082998173e-15,5.53440079829327e-16,0,1.0,0.0
新聞標題,89,0,0.5640500216259794,0.544,1.8156957082998173e-15,5.53440079829327e-16,0,1.0,-0.14285714285714285
新聞標題,90,0,0.5640500216259794,0.502,1.8156957082998173e-15,5.53440079829327e-16,0,1.0,0.0
新聞標題,91,0,0.5640500216259794,0.491,1.8156957082998173e-15,5.53440079829327e-16,0,1.0,0.0
新聞標題,92,0,0.5640500216259794,0.477,1.8156957082998173e-15,5.53440079829327e-16,0,1.0,0.0
新聞標題,93,0,0.5640500216259794,0.49,1.8156957082998173e-15,5.53440079829327e-16,0,1.0,0.0
新聞標題,94,0,0.5640500216259794,0.534,1.8156957082998173e-15,5.53440079829327e-16,0,1.0,0.0
新聞標題,95,0,0.5640500216259794,0.511,1.8156957082998173e-15,5.53440079829327e-16,0,1.0,0.0
新聞標題,96,0,0.5640500216259794,0.523,1.8156957082998173e-15,5.53440079829327e-16,0,1.0,0.0
新聞標題,97,0,0.5640500216259794,0.523,1.8156957082998173e-15,5.53440079829327e-16,0,1.0,0.0
新聞標題,98,0,0.5640500216259794,0.483,1.8156957082998173e-15,5.53440079829327e-16,0,1.0,0.0
新聞標題,99,0,0.5640500216259794,0.511,1.8156957082998173e-15,5.53440079829327e-16,0,1.0,0.0
新聞標題,100,0,0.5640500216259794,0.519,1.8156957082998173e-15,5.53440079829327e-16,0,1.0,0.0
新聞標題,101,0,0.5640500216259794,0.496,1.8156957082998173e-15,5.53440079829327e-16,0,1.0,0.0
新聞標題,102,0,0.5640500216259794,0.496,1.8156957082998173e-15,5.53440079829327e-16,0,1.0,0.0
新聞標題,103,0,0.5640500216259794,0.525,1.8156957082998173e-15,5.53440079829327e-16,0,1.0,0.0
新聞標題,104,0,0.5640500216259794,0.497,1.8156957082998173e-15,5.53440079829327e-16,0,1.0,0.0
新聞標題,105,0,0.7434289137198955,0.503,1.8156957082998173e-15,5.53440079829327e-16,0,1.0,0.0
新聞標題,106,0,0.5640500216259794,0.502,1.8156957082998173e-15,5.53440079829327e-16,0,1.0,0.0
新聞標題,107,0,0.5640500216259794,0.508,1.8156957082998173e-15,5.53440079829327e-16,0,1.0,0.0
新聞標題,108,0,0.5640500216259794,0.471,1.8156957082998173e-15,5.53440079829327e-16,0,1.0,0.0
新聞標題,109,0,0.5640500216259794,0.5,1.8156957082998173e-15,5.53440079829327e-16,0,1.0,0.0
新聞標題,110,0,0.5640500216259794,0.516,1.8156957082998173e-15,5.53440079829327e-16,0,1.0,0.0
新聞標題,111,0,0.5640500216259794,0.506,1.8156957082998173e-15,5.53440079829327e-16,0,1.0,0.0
新聞標題,112,0,0.5640500216259794,0.483,1.8156957082998173e-15,5.53440079829327e-16,0,1.0,0.0
新聞標題,113,0,0.5640500216259794,0.508,1.8156957082998173e-15,5.53440079829327e-16,0,1.0,0.0
新聞標題,114,0,0.5640500216259794,0.483,1.8156957082998173e-15,5.53440079829327e-16,0,1.0,-0.06666666666666667
新聞標題,115,0,0.5640500216259794,0.502,1.8156957082998173e-15,5.53440079829327e-16,0,1.0,0.0
新聞標題,116,0,0.5640500216259794,0.498,1.8156957082998173e-15,5.53440079829327e-16,0,1.0,0.0
新聞標題,117,0,0.5640500216259794,0.491,1.8156957082998173e-15,5.53440079829327e-16,0,1.0,0.0
新聞標題,118,0,0.7434289137198956,0.508,1.8156957082998173e-15,5.53440079829327e-16,0,1.0,0.0
新聞標題,119,0,0.7434289137198956,0.508,1.8156957082998173e-15,5.53440079829327e-16,0,1.0,0.0
新聞標題,120,0,0.5640500216259794,0.491,1.8156957082998173e-15,5.53440079829327e-16,0,1.0,0.0
新聞標題,121,0,0.5640500216259794,0.495,1.8156957082998173e-15,5.53440079829327e-16,0,1.0,0.0
新聞標題,122,0,0.5640500216259794,0.514,1.8156957082998173e-15,5.53440079829327e-16,0,1.0,0.0
新聞標題,123,0,0.5640500216259794,0.49,1.8156957082998173e-15,5.53440079829327e-16,0,1.0,0.0
新聞標題,124,0,0.5640500216259794,0.502,1.8156957082998173e-15,5.53440079829327e-16,0,1.0,0.0
新聞標題,125,0,0.5640500216259794,0.523,1.8156957082998173e-15,5.53440079829327e-16,0,1.0,0.0
新聞標題,126,0,0.3981245538425917,0.507,1.8156957082998173e-15,5.53440079829327e-16,0,1.0,0.0
新聞標題,127,0,0.5640500216259794,0.532,1.8156957082998173e-15,5.53440079829327e-16,0,1.0,0.0
新聞標題,128,0,0.7434289137198957,0.514,1.8156957082998173e-15,5.53440079829327e-16,0,1.0,0.0
新聞標題,129,0,0.5640500216259794,0.541,1.8156957082998173e-15,5.53440079829327e-16,0,1.0,0.0
新聞標題,130,0,0.5640500216259794,0.482,1.8156957082998173e-15,5.53440079829327e-16,0,1.0,0.0
新聞標題,131,0,0.5640500216259794,0.496,1.8156957082998173e-15,5.53440079829327e-16,0,1.0,0.0
新聞標題,132,0,0.5640500216259794,0.493,1.8156957082998173e-15,5.53440079829327e-16,0,1.0,0.0
新聞標題,133,0,0.5640500216259794,0.497,1.8156957082998173e-15,5.53440079829327e-16,0,1.0,0.0
新聞標題,134,0,0.5640500216259794,0.536,1.8156957082998173e-15,5.53440079829327e-16,0,1.0,0.0
新聞標題,135,0,0.5640500216259794,0.469,1.8156957082998173e-15,5.53440079829327e-16,0,1.0,0.0
新聞標題,136,0,0.5640500216259794,0.474,1.8156957082998173e-15,5.53440079829327e-16,0,1.0,0.0
新聞標題,137,0,0.5640500216259794,0.51,1.8156957082998173e-15,5.53440079829327e-16,0,1.0,0.0
新聞標題,138,0,0.5640500216259794,0.496,1.8156957082998173e-15,5.53440079829327e-16,0,1.0,0.0
新聞標題,139,0,0.5640500216259794,0.52,1.8156957082998173e-15,5.53440079829327e-16,0,1.0,0.0
新聞標題,140,0,0.5640500216259794,0.492,1.8156957082998173e-15,5.53440079829327e-16,0,1.0,0.0
新聞標題,141,0,0.5640500216259794,0.504,1.8156957082998173e-15,5.53440079829327e-16,0,1.0,0.0
新聞標題,142,0,0.7434289137198955,0.494,1.8156957082998173e-15,5.53440079829327e-16,0,1.0,0.05
新聞標題,143,0,0.5640500216259794,0.469,1.8156957082998173e-15,5.53440079829327e-16,0,1.0,0.0
新聞標題,144,0,0.7434289137198957,0.464,1.8156957082998173e-15,5.53440079829327e-16,0,1.0,0.0
新聞標題,145,0,0.5640500216259794,0.492,1.8156957082998173e-15,5.53440079829327e-16,0,1.0,0.0
新聞標題,146,0,0.5640500216259794,0.515,1.8156957082998173e-15,5.53440079829327e-16,0,1.0,0.0
新聞標題,147,0,0.5640500216259794,0.511,1.8156957082998173e-15,5.53440079829327e-16,0,1.0,0.0
新聞標題,148,0,0.5640500216259794,0.503,1.8156957082998173e-15,5.53440079829327e-16,0,1.0,0.0
新聞標題,149,0,0.5640500216259794,0.499,1.8156957082998173e-15,5.53440079829327e-16,0,1.0,0.0
新聞標題,150,0,0.5640500216259794,0.525,1.8156957082998173e-15,5.53440079829327e-16,0,1.0,0.0
新聞標題,151,0,0.5640500216259794,0.486,1.8156957082998173e-15,5.53440079829327e-16,0,1.0,0.0
新聞標題,152,0,0.5640500216259794,0.497,1.8156957082998173e-15,5.53440079829327e-16,0,1.0,0.05
新聞標題,153,0,0.5640500216259794,0.484,1.8156957082998173e-15,5.53440079829327e-16,0,1.0,0.0
新聞標題,154,0,0.5640500216259794,0.517,1.8156957082998173e-15,5.53440079829327e-16,0,1.0,0.0
新聞標題,155,0,0.5640500216259794,0.507,1.8156957082998173e-15,5.53440079829327e-16,0,1.0,0.0
新聞標題,156,0,0.5640500216259794,0.494,1.8156957082998173e-15,5.53440079829327e-16,0,1.0,0.0
新聞標題,157,0,0.08435609356497475,0.521,1.8156957082998173e-15,5.53440079829327e-16,0,1.0,0.0
新聞標題,158,0,0.5640500216259794,0.502,1.8156957082998173e-15,5.53440079829327e-16,0,1.0,0.0
新聞標題,159,0,0.5640500216259794,0.478,1.8156957082998173e-15,5.53440079829327e-16,0,1.0,0.0
新聞標題,160,0,0.5640500216259794,0.489,1.8156957082998173e-15,5.53440079829327e-16,0,1.0,0.0
新聞標題,161,0,0.5640500216259794,0.468,1.8156957082998173e-15,5.53440079829327e-16,0,1.0,0.0
新聞標題,162,0,0.7434289137198957,0.506,1.8156957082998173e-15,5.53440079829327e-16,0,1.0,0.0
新聞標題,163,0,0.5640500216259794,0.505,1.8156957082998173e-15,5.53440079829327e-16,0,1.0,0.0
新聞標題,164,0,0.5640500216259794,0.515,1.8156957082998173e-15,5.53440079829327e-16,0,1.0,0.0
新聞標題,165,0,0.7434289137198957,0.525,1.8156957082998173e-15,5.53440079829327e-16,0,1.0,0.0625
新聞標題,166,0,0.5640500216259794,0.508,1.8156957082998173e-15,5.53440079829327e-16,0,1.0,0.0
新聞標題,167,0,0.5640500216259794,0.492,1.8156957082998173e-15,5.53440079829327e-16,0,1.0,0.0
新聞標題,168,0,0.5640500216259794,0.504,1.8156957082998173e-15,5.53440079829327e-16,0,1.0,0.0
新聞標題,169,0,0.5640500216259794,0.516,1.8156957082998173e-15,5.53440079829327e-16,0,1.0,0.0
新聞標題,170,0,0.7434289137198957,0.496,1.8156957082998173e-15,5.53440079829327e-16,0,1.0,0.0
新聞標題,171,0,0.5640500216259794,0.472,1.8156957082998173e-15,5.53440079829327e-16,0,1.0,0.0
新聞標題,172,0,0.5640500216259794,0.503,1.8156957082998173e-15,5.53440079829327e-16,0,1.0,0.0
新聞標題,173,0,0.5640500216259794,0.525,1.8156957082998173e-15,5.53440079829327e-16,0,1.0,-0.06666666666666667
新聞標題,174,0,0.5640500216259794,0.497,1.8156957082998173e-15,5.53440079829327e-16,0,1.0,0.0
新聞標題,175,0,0.7434289137198956,0.498,1.8156957082998173e-15,5.53440079829327e-16,0,1.0,0.0
新聞標題,176,0,0.7434289137198956,0.517,1.8156957082998173e-15,5.53440079829327e-16,0,1.0,0.0
新聞標題,177,0,0.5640500216259794,0.498,1.8156957082998173e-15,5.53440079829327e-16,0,1.0,0.0
新聞標題,178,0,0.5640500216259794,0.515,1.8156957082998173e-15,5.53440079829327e-16,0,1.0,0.0
新聞標題,179,0,0.5640500216259794,0.493,1.8156957082998173e-15,5.53440079829327e-16,0,1.0,0.0
新聞標題,180,0,0.5640500216259794,0.479,1.8156957082998173e-15,5.53440079829327e-16,0,1.0,0.0
新聞標題,181,0,0.5640500216259794,0.516,1.8156957082998173e-15,5.53440079829327e-16,0,1.0,0.0
新聞標題,182,0,0.7434289137198956,0.513,1.8156957082998173e-15,5.53440079829327e-16,0,1.0,0.0
新聞標題,183,0,0.5640500216259794,0.502,1.8156957082998173e-15,5.53440079829327e-16,0,1.0,0.0
新聞標題,184,0,0.5640500216259794,0.512,1.8156957082998173e-15,5.53440079829327e-16,0,1.0,0.0
新聞標題,185,0,0.7824162252007759,0.492,1.8156957082998173e-15,5.53440079829327e-16,0,1.0,0.0
新聞標題,186,0,0.5640500216259794,0.473,1.8156957082998173e-15,5.53440079829327e-16,0,1.0,0.0
新聞標題,187,0,0.5640500216259794,0.474,1.8156957082998173e-15,5.53440079829327e-16,0,1.0,0.0
新聞標題,188,0,0.5640500216259794,0.507,1.8156957082998173e-15,5.53440079829327e-16,0,1.0,0.0
新聞標題,189,0,0.5640500216259794,0.486,1.8156957082998173e-15,5.53440079829327e-16,0,1.0,-0.09090909090909091
新聞標題,190,0,0.5640500216259794,0.478,1.8156957082998173e-15,5.53440079829327e-16,0,1.0,0.0
新聞標題,191,0,0.5640500216259794,0.515,1.8156957082998173e-15,5.53440079829327e-16,0,1.0,0.0
新聞標題,192,0,0.5640500216259794,0.468,1.8156957082998173e-15,5.53440079829327e-16,0,1.0,0.0
新聞標題,193,0,0.5640500216259794,0.485,1.8156957082998173e-15,5.53440079829327e-16,0,1.0,0.0
新聞標題,194,0,0.7434289137198955,0.517,1.8156957082998173e-15,5.53440079829327e-16,0,1.0,0.0
新聞標題,195,0,0.5640500216259794,0.507,1.8156957082998173e-15,5.53440079829327e-16,0,1.0,0.0
新聞標題,196,0,0.7434289137198957,0.486,1.8156957082998173e-15,5.53440079829327e-16,0,1.0,0.0
新聞標題,197,0,0.5640500216259794,0.468,1.8156957082998173e-15,5.53440079829327e-16,0,1.0,0.0
新聞標題,198,0,0.7434289137198955,0.508,1.8156957082998173e-15,5.53440079829327e-16,0,1.0,0.0
新聞標題,199,0,0.7824162252007762,0.497,1.8156957082998173e-15,5.53440079829327e-16,0,1.0,0.0
新聞標題,200,0,0.7434289137198955,0.476,1.8156957082998173e-15,5.53440079829327e-16,0,1.0,0.0
新聞標題,201,0,0.5640500216259794,0.483,1.8156957082998173e-15,5.53440079829327e-16,0,1.0,0.0
新聞標題,202,0,0.5640500216259794,0.508,1.8156957082998173e-15,5.53440079829327e-16,0,1.0,0.0
新聞標題,203,0,0.7434289137198957,0.506,1.8156957082998173e-15,5.53440079829327e-16,0,1.0,0.0
新聞標題,204,0,0.7434289137198955,0.512,1.8156957082998173e-15,5.53440079829327e-16,0,1.0,0.0
新聞標題,205,0,0.5640500216259794,0.52,1.8156957082998173e-15,5.53440079829327e-16,0,1.0,-0.09090909090909091
新聞標題,206,0,0.5640500216259794,0.501,1.8156957082998173e-15,5.53440079829327e-16,0,1.0,0.0
新聞標題,207,0,0.5640500216259794,0.477,1.8156957082998173e-15,5.53440079829327e-16,0,1.0,0.0
新聞標題,208,0,0.5640500216259794,0.525,1.8156957082998173e-15,5.53440079829327e-16,0,1.0,0.0
新聞標題,209,0,0.7434289137198955,0.494,1.8156957082998173e-15,5.53440079829327e-16,0,1.0,0.0
新聞標題,210,0,0.5640500216259794,0.498,1.8156957082998173e-15,5.53440079829327e-16,0,1.0,0.0
新聞標題,211,0,0.5640500216259794,0.488,1.8156957082998173e-15,5.53440079829327e-16,0,1.0,0.0
新聞標題,212,0,0.5640500216259794,0.504,1.8156957082998173e-15,5.53440079829327e-16,0,1.0,0.0
新聞標題,213,0,0.5640500216259794,0.509,1.8156957082998173e-15,5.53440079829327e-16,0,1.0,0.0
新聞標題,214,0,0.5640500216259794,0.507,1.8156957082998173e-15,5.53440079829327e-16,0,1.0,0.0
新聞標題,215,0,0.5640500216259794,0.485,1.8156957082998173e-15,5.53440079829327e-16,0,1.0,0.0
新聞標題,216,0,0.5640500216259794,0.489,1.8156957082998173e-15,5.53440079829327e-16,0,1.0,0.0
新聞標題,217,0,0.7434289137198957,0.538,1.8156957082998173e-15,5.53440079829327e-16,0,1.0,0.0
新聞標題,218,0,0.5640500216259794,0.505,1.8156957082998173e-15,5.53440079829327e-16,0,1.0,0.0
新聞標題,219,0,0.5640500216259794,0.519,1.8156957082998173e-15,5.53440079829327e-16,0,1.0,0.0
新聞標題,220,0,0.5640500216259794,0.52,1.8156957082998173e-15,5.53440079829327e-16,0,1.0,0.0
新聞標題,221,0,0.5640500216259794,0.502,1.8156957082998173e-15,5.53440079829327e-16,0,1.0,0.0
新聞標題,222,0,0.5640500216259794,0.494,1.8156957082998173e-15,5.53440079829327e-16,0,1.0,0.0
新聞標題,223,0,0.5640500216259794,0.501,1.8156957082998173e-15,5.53440079829327e-16,0,1.0,0.0
新聞標題,224,0,0.5640500216259794,0.499,1.8156957082998173e-15,5.53440079829327e-16,0,1.0,0.0
新聞標題,225,0,0.5640500216259794,0.511,1.8156957082998173e-15,5.53440079829327e-16,0,1.0,0.0
新聞標題,226,0,0.5640500216259794,0.501,1.8156957082998173e-15,5.53440079829327e-16,0,1.0,0.0
新聞標題,227,0,0.5640500216259794,0.508,1.8156957082998173e-15,5.53440079829327e-16,0,1.0,0.0
新聞標題,228,0,0.5640500216259794,0.503,1.8156957082998173e-15,5.53440079829327e-16,0,1.0,0.0
新聞標題,229,0,0.7434289137198955,0.504,1.8156957082998173e-15,5.53440079829327e-16,0,1.0,0.0
新聞標題,230,0,0.5640500216259794,0.504,1.8156957082998173e-15,5.53440079829327e-16,0,1.0,0.0
新聞標題,231,0,0.5640500216259794,0.502,1.8156957082998173e-15,5.53440079829327e-16,0,1.0,0.0
新聞標題,232,0,0.5640500216259794,0.525,1.8156957082998173e-15,5.53440079829327e-16,0,1.0,0.0
新聞標題,233,0,0.5640500216259794,0.504,1.8156957082998173e-15,5.53440079829327e-16,0,1.0,0.0
新聞標題,234,0,0.5640500216259794,0.534,1.8156957082998173e-15,5.53440079829327e-16,0,1.0,0.0
新聞標題,235,0,0.5640500216259794,0.51,1.8156957082998173e-15,5.53440079829327e-16,0,1.0,0.0
新聞標題,236,0,0.5640500216259794,0.511,1.8156957082998173e-15,5.53440079829327e-16,0,1.0,0.0
新聞標題,237,0,0.5640500216259794,0.478,1.8156957082998173e-15,5.53440079829327e-16,0,1.0,0.0
新聞標題,238,0,0.5640500216259794,0.498,1.8156957082998173e-15,5.53440079829327e-16,0,1.0,0.0
新聞標題,239,0,0.5640500216259794,0.506,1.8156957082998173e-15,5.53440079829327e-16,0,1.0,0.0
新聞標題,240,0,0.5640500216259794,0.511,1.8156957082998173e-15,5.53440079829327e-16,0,1.0,0.0
新聞標題,241,0,0.5640500216259794,0.508,1.8156957082998173e-15,5.53440079829327e-16,0,1.0,0.0
新聞標題,242,0,0.5640500216259794,0.493,1.8156957082998173e-15,5.53440079829327e-16,0,1.0,0.0
新聞標題,243,0,0.5640500216259794,0.5,1.8156957082998173e-15,5.53440079829327e-16,0,1.0,0.0
新聞標題,244,0,0.5640500216259794,0.494,1.8156957082998173e-15,5.53440079829327e-16,0,1.0,0.0
新聞標題,245,0,0.7434289137198955,0.49,1.8156957082998173e-15,5.53440079829327e-16,0,1.0,0.0
新聞標題,246,0,0.5640500216259794,0.508,1.8156957082998173e-15,5.53440079829327e-16,0,1.0,0.0
新聞標題,247,0,0.5640500216259794,0.504,1.8156957082998173e-15,5.53440079829327e-16,0,1.0,0.0
新聞標題,248,0,0.5640500216259794,0.519,1.8156957082998173e-15,5.53440079829327e-16,0,1.0,0.0
新聞標題,249,0,0.7434289137198955,0.521,1.8156957082998173e-15,5.53440079829327e-16,0,1.0,-0.09090909090909091
新聞標題,250,0,0.5640500216259794,0.542,1.8156957082998173e-15,5.53440079829327e-16,0,1.0,0.0
新聞標題,251,0,0.7434289137198955,0.51,1.8156957082998173e-15,5.53440079829327e-16,0,1.0,0.0
新聞標題,252,0,0.5640500216259794,0.511,1.8156957082998173e-15,5.53440079829327e-16,0,1.0,0.0
新聞標題,253,0,0.5640500216259794,0.502,1.8156957082998173e-15,5.53440079829327e-16,0,1.0,0.0
新聞標題,254,0,0.5640500216259794,0.532,1.8156957082998173e-15,5.53440079829327e-16,0,1.0,-0.07142857142857142
新聞標題,255,0,0.5640500216259794,0.515,1.8156957082998173e-15,5.53440079829327e-16,0,1.0,0.0
新聞標題,256,0,0.5640500216259794,0.521,1.8156957082998173e-15,5.53440079829327e-16,0,1.0,0.0
新聞標題,257,0,0.5640500216259794,0.497,1.8156957082998173e-15,5.53440079829327e-16,0,1.0,0.0
新聞標題,258,0,0.5640500216259794,0.482,1.8156957082998173e-15,5.53440079829327e-16,0,1.0,0.0
新聞標題,259,0,0.5640500216259794,0.492,1.8156957082998173e-15,5.53440079829327e-16,0,1.0,0.0
新聞標題,260,0,0.5640500216259794,0.492,1.8156957082998173e-15,5.53440079829327e-16,0,1.0,0.0
新聞標題,261,0,0.5640500216259794,0.483,1.8156957082998173e-15,5.53440079829327e-16,0,1.0,0.0
新聞標題,262,0,0.7434289137198955,0.514,1.8156957082998173e-15,5.53440079829327e-16,0,1.0,0.0
新聞標題,263,0,0.5640500216259794,0.497,1.8156957082998173e-15,5.53440079829327e-16,0,1.0,0.0
新聞標題,264,0,0.5640500216259794,0.511,1.8156957082998173e-15,5.53440079829327e-16,0,1.0,0.0
新聞標題,265,0,0.5640500216259794,0.49,1.8156957082998173e-15,5.53440079829327e-16,0,1.0,0.0
新聞標題,266,0,0.5640500216259794,0.508,1.8156957082998173e-15,5.53440079829327e-16,0,1.0,0.0
新聞標題,267,0,0.5640500216259794,0.494,1.8156957082998173e-15,5.53440079829327e-16,0,1.0,0.0
新聞標題,268,0,0.5640500216259794,0.498,1.8156957082998173e-15,5.53440079829327e-16,0,1.0,0.0
新聞標題,269,0,0.5640500216259794,0.506,1.8156957082998173e-15,5.53440079829327e-16,0,1.0,0.0
新聞標題,270,0,0.5640500216259794,0.512,1.8156957082998173e-15,5.53440079829327e-16,0,1.0,0.0
新聞標題,271,0,0.5640500216259794,0.473,1.8156957082998173e-15,5.53440079829327e-16,0,1.0,0.0
新聞標題,272,0,0.5640500216259794,0.488,1.8156957082998173e-15,5.53440079829327e-16,0,1.0,0.0
新聞標題,273,0,0.5640500216259794,0.488,1.8156957082998173e-15,5.53440079829327e-16,0,1.0,0.0
新聞標題,274,0,0.5640500216259794,0.493,1.8156957082998173e-15,5.53440079829327e-16,0,1.0,0.0
新聞標題,275,0,0.5640500216259794,0.504,1.8156957082998173e-15,5.53440079829327e-16,0,1.0,0.0
新聞標題,276,0,0.5640500216259794,0.509,1.8156957082998173e-15,5.53440079829327e-16,0,1.0,0.0
新聞標題,277,0,0.5640500216259794,0.504,1.8156957082998173e-15,5.53440079829327e-16,0,1.0,0.0
新聞標題,278,0,0.5640500216259794,0.511,1.8156957082998173e-15,5.53440079829327e-16,0,1.0,0.0
新聞標題,279,0,0.5640500216259794,0.505,1.8156957082998173e-15,5.53440079829327e-16,0,1.0,0.0
新聞標題,280,0,0.5640500216259794,0.471,1.8156957082998173e-15,5.53440079829327e-16,0,1.0,0.0
新聞標題,281,0,0.7434289137198955,0.487,1.8156957082998173e-15,5.53440079829327e-16,0,1.0,0.0
新聞標題,282,0,0.5640500216259794,0.495,1.8156957082998173e-15,5.53440079829327e-16,0,1.0,0.0
新聞標題,283,0,0.5640500216259794,0.494,1.8156957082998173e-15,5.53440079829327e-16,0,1.0,0.0
新聞標題,284,0,0.5640500216259794,0.499,1.8156957082998173e-15,5.53440079829327e-16,0,1.0,0.0
新聞標題,285,0,0.5640500216259794,0.482,1.8156957082998173e-15,5.53440079829327e-16,0,1.0,0.0
新聞標題,286,0,0.5640500216259794,0.496,1.8156957082998173e-15,5.53440079829327e-16,0,1.0,0.0
新聞標題,287,0,0.5640500216259794,0.519,1.8156957082998173e-15,5.53440079829327e-16,0,1.0,0.0
新聞標題,288,0,0.5640500216259794,0.498,1.8156957082998173e-15,5.53440079829327e-16,0,1.0,0.0
新聞標題,289,0,0.5640500216259794,0.49,1.8156957082998173e-15,5.53440079829327e-16,0,1.0,0.0
新聞標題,290,0,0.5640500216259794,0.505,1.8156957082998173e-15,5.53440079829327e-16,0,1.0,0.0
新聞標題,291,0,0.7824162252007764,0.52,1.8156957082998173e-15,5.53440079829327e-16,0,1.0,0.0
新聞標題,292,0,0.7434289137198955,0.499,1.8156957082998173e-15,5.53440079829327e-16,0,1.0,0.0
新聞標題,293,0,0.7434289137198955,0.495,1.8156957082998173e-15,5.53440079829327e-16,0,1.0,0.0
新聞標題,294,0,0.5640500216259794,0.515,1.8156957082998173e-15,5.53440079829327e-16,0,1.0,0.0
新聞標題,295,0,0.5640500216259794,0.504,1.8156957082998173e-15,5.53440079829327e-16,0,1.0,0.0
新聞標題,296,0,0.7434289137198955,0.484,1.8156957082998173e-15,5.53440079829327e-16,0,1.0,0.0
新聞標題,297,0,0.5640500216259794,0.519,1.8156957082998173e-15,5.53440079829327e-16,0,1.0,0.0
新聞標題,298,0,0.5640500216259794,0.506,,,0,1.0,0.0
影片對話,0,0,0.7301738180618238,0.461,1.8156957082998173e-15,5.53440079829327e-16,0,1.0,-0.028169014084507043
影片對話,1,0,0.6300104188954483,0.483,1.8156957082998173e-15,5.53440079829327e-16,0,1.0,-0.020134228187919462
影片對話,2,0,0.7016950511193207,0.505,1.8156957082998173e-15,5.53440079829327e-16,0,1.0,-0.0125
影片對話,3,0,0.7137459358501426,0.488,1.8156957082998173e-15,5.53440079829327e-16,0,1.0,-0.006993006993006993
影片對話,4,0,0.9497181506733412,0.472,1.8156957082998173e-15,5.53440079829327e-16,0,1.0,-0.010135135135135136
影片對話,5,0,0.5941939640322293,0.515,1.8156957082998173e-15,5.53440079829327e-16,0,1.0,0.019867549668874173
影片對話,6,0,0.8141519103718473,0.518,1.8156957082998173e-15,5.53440079829327e-16,0,1.0,-0.015873015873015872
影片對話,7,0,0.8646649840765211,0.514,1.8156957082998173e-15,5.53440079829327e-16,0,1.0,-0.02142857142857143
影片對話,8,0,0.6484305005088138,0.513,1.8156957082998173e-15,5.53440079829327e-16,0,0.9999999999999999,-0.024390243902439025
影片對話,9,0,0.9116298178071285,0.501,1.8156957082998173e-15,5.53440079829327e-16,0,1.0,0.008130081300813009
影片對話,10,0,0.6503703706550643,0.49,1.8156957082998173e-15,5.53440079829327e-16,0,1.0,-0.011904761904761904
影片對話,11,0,0.8710706770796594,0.528,1.8156957082998173e-15,5.53440079829327e-16,0,1.0,0.0
影片對話,12,0,0.6745246141710541,0.517,1.8156957082998173e-15,5.53440079829327e-16,0,1.0,-0.03205128205128205
影片對話,13,0,0.6514998511060309,0.498,1.8156957082998173e-15,5.53440079829327e-16,0,1.0,0.006622516556291391
影片對話,14,0,0.8767659925311093,0.516,1.8156957082998173e-15,5.53440079829327e-16,0,1.0,-0.010416666666666666
影片對話,15,0,0.7100672660482082,0.481,1.8156957082998173e-15,5.53440079829327e-16,0,1.0,0.0
影片對話,16,0,0.8852812652686857,0.522,1.8156957082998173e-15,5.53440079829327e-16,0,1.0,0.0
影片對話,17,0,0.7282811083210237,0.515,1.8156957082998173e-15,5.53440079829327e-16,0,1.0,-0.006024096385542169
影片對話,18,0,0.7868024139095364,0.492,1.8156957082998173e-15,5.53440079829327e-16,0,1.0,-0.0196078431372549
影片對話,19,0,0.7275912647665218,0.517,1.8156957082998173e-15,5.53440079829327e-16,0,1.0,-0.011494252873563218
影片對話,20,0,0.8102983845397902,0.494,1.8156957082998173e-15,5.53440079829327e-16,0,1.0,-0.03571428571428571
影片對話,21,0,0.9060551101313562,0.483,1.8156957082998173e-15,5.53440079829327e-16,0,1.0,0.0
影片對話,22,0,0.8827102685295483,0.491,1.8156957082998173e-15,5.53440079829327e-16,0,1.0,-0.009174311926605505
影片對話,23,0,0.8029002174817699,0.517,1.8156957082998173e-15,5.53440079829327e-16,0,1.0,-0.012048192771084338
影片對話,24,0,0.7486213529887447,0.529,1.8156957082998173e-15,5.53440079829327e-16,0,1.0,-0.02544529262086514
影片對話,25,0,0.688768025360584,0.505,1.8156957082998173e-15,5.53440079829327e-16,0,1.0,-0.006535947712418301
影片對話,26,0,0.8704209012239615,0.513,1.8156957082998173e-15,5.53440079829327e-16,0,1.0,0.006134969325153374
影片對話,27,0,0.6534520209387242,0.468,1.8156957082998173e-15,5.53440079829327e-16,0,1.0,-0.008264462809917356
影片對話,28,0,0.7689443754058589,0.498,1.8156957082998173e-15,5.53440079829327e-16,0,1.0,0.0
影片對話,29,0,0.5941939640322298,0.515,1.8156957082998173e-15,5.53440079829327e-16,0,1.0,0.0
影片對話,30,0,0.8697595160625833,0.488,1.8156957082998173e-15,5.53440079829327e-16,0,1.0,-0.015873015873015872
影片對話,31,0,0.8884730395719476,0.49,1.8156957082998173e-15,5.53440079829327e-16,0,1.0,-0.015503875968992248
影片對話,32,0,0.7419060782490512,0.523,1.8156957082998173e-15,5.53440079829327e-16,0,1.0,0.0
影片對話,33,0,0.8358568252328067,0.502,1.8156957082998173e-15,5.53440079829327e-16,0,1.0,0.0
影片對話,34,0,0.616014198541089,0.512,1.8156957082998173e-15,5.53440079829327e-16,0,1.0,0.0
影片對話,35,0,0.8975248061728229,0.504,1.8156957082998173e-15,5.53440079829327e-16,0,1.0,-0.0064516129032258064
影片對話,36,0,0.7964342140717836,0.495,1.8156957082998173e-15,5.53440079829327e-16,0,1.0,0.005952380952380952
影片對話,37,0,0.6740069223862032,0.502,1.8156957082998173e-15,5.53440079829327e-16,0,1.0,0.00641025641025641
影片對話,38,0,0.8493641232708922,0.505,1.8156957082998173e-15,5.53440079829327e-16,0,1.0,-0.024390243902439025
影片對話,39,0,0.9375441913504449,0.492,1.8156957082998173e-15,5.53440079829327e-16,0,1.0,-0.006211180124223602
影片對話,40,0,0.6563572669888934,0.501,1.8156957082998173e-15,5.53440079829327e-16,0,1.0,-0.013422818791946308
影片對話,41,0,0.8774710880296245,0.496,1.8156957082998173e-15,5.53440079829327e-16,0,1.0,-0.006666666666666667
影片對話,42,0,0.7257351512244076,0.493,1.8156957082998173e-15,5.53440079829327e-16,0,1.0,0.006134969325153374
影片對話,43,0,0.8141519103718472,0.513,1.8156957082998173e-15,5.53440079829327e-16,0,1.0,-0.014285714285714285
影片對話,44,0,0.8272270297560967,0.476,1.8156957082998173e-15,5.53440079829327e-16,0,1.0,-0.006289308176100629
影片對話,45,0,0.8487001448956861,0.507,1.8156957082998173e-15,5.53440079829327e-16,0,1.0,-0.015503875968992248
影片對話,46,0,0.8886521825303807,0.514,1.8156957082998173e-15,5.53440079829327e-16,0,1.0,-0.012048192771084338
影片對話,47,0,0.802855205432664,0.507,1.8156957082998173e-15,5.53440079829327e-16,0,1.0,-0.024539877300613498
影片對話,48,0,0.8578295214495283,0.529,1.8156957082998173e-15,5.53440079829327e-16,0,1.0,0.0
影片對話,49,0,0.8328695635689931,0.493,1.8156957082998173e-15,5.53440079829327e-16,0,1.0,0.0
影片對話,50,0,0.8141519103718473,0.505,1.8156957082998173e-15,5.53440079829327e-16,0,1.0,-0.006289308176100629
影片對話,51,0,0.7964342140717838,0.511,1.8156957082998173e-15,5.53440079829327e-16,0,1.0,-0.020833333333333332
影片對話,52,0,0.7877785759496697,0.516,1.8156957082998173e-15,5.53440079829327e-16,0,1.0,-0.04790419161676647
影片對話,53,0,0.8519535662147073,0.505,1.8156957082998173e-15,5.53440079829327e-16,0,1.0,0.0
影片對話,54,0,0.7875568382400756,0.481,1.8156957082998173e-15,5.53440079829327e-16,0,1.0,-0.04081632653061224
影片對話,55,0,0.7570156700632636,0.538,1.8156957082998173e-15,5.53440079829327e-16,0,1.0,0.0
影片對話,56,0,0.7595227721228618,0.496,1.8156957082998173e-15,5.53440079829327e-16,0,1.0,-0.0189873417721519
影片對話,57,0,0.6796472092738208,0.491,1.8156957082998173e-15,5.53440079829327e-16,0,1.0,-0.02464788732394366
影片對話,58,0,0.768944375405859,0.499,1.8156957082998173e-15,5.53440079829327e-16,0,1.0,-0.016666666666666666
影片對話,59,0,0.6568616506854567,0.526,1.8156957082998173e-15,5.53440079829327e-16,0,1.0,-0.039473684210526314
影片對話,60,0,0.8780046671138174,0.508,1.8156957082998173e-15,5.53440079829327e-16,0,1.0,0.006711409395973154
影片對話,61,0,0.8229478755688255,0.493,1.8156957082998173e-15,5.53440079829327e-16,0,1.0,-0.010638297872340425
影片對話,62,0,0.661582641424149,0.471,1.8156957082998173e-15,5.53440079829327e-16,0,1.0,-0.00684931506849315
影片對話,63,0,0.858901952825325,0.508,1.8156957082998173e-15,5.53440079829327e-16,0,1.0,-0.006756756756756757
影片對話,64,0,0.7819052347448348,0.465,1.8156957082998173e-15,5.53440079829327e-16,0,1.0,-0.0136986301369863
影片對話,65,0,0.7964342140717837,0.502,1.8156957082998173e-15,5.53440079829327e-16,0,1.0,-0.010471204188481676
影片對話,66,0,0.722939374203676,0.493,1.8156957082998173e-15,5.53440079829327e-16,0,1.0,-0.010362694300518135
影片對話,67,0,0.713745935850143,0.473,1.8156957082998173e-15,5.53440079829327e-16,0,1.0,0.0
影片對話,68,0,0.7058078178367202,0.487,1.8156957082998173e-15,5.53440079829327e-16,0,1.0,-0.01948051948051948
影片對話,69,0,0.6534520209387242,0.484,1.8156957082998173e-15,5.53440079829327e-16,0,1.0,-0.017241379310344827
影片對話,70,0,0.6514998511060307,0.486,1.8156957082998173e-15,5.53440079829327e-16,0,1.0,-0.01910828025477707
影片對話,71,0,0.8671842421026096,0.5,1.8156957082998173e-15,5.53440079829327e-16,0,1.0,-0.02702702702702703
影片對話,72,0,0.651499851106031,0.486,1.8156957082998173e-15,5.53440079829327e-16,0,1.0,-0.016574585635359115
影片對話,73,0,0.6300104188954483,0.481,1.8156957082998173e-15,5.53440079829327e-16,0,1.0,0.0
影片對話,74,0,0.8372560589331117,0.507,1.8156957082998173e-15,5.53440079829327e-16,0,1.0,-0.0051813471502590676
影片對話,75,0,0.790974406696935,0.498,1.8156957082998173e-15,5.53440079829327e-16,0,1.0,0.010810810810810811
影片對話,76,0,0.8587170633943734,0.493,1.8156957082998173e-15,5.53440079829327e-16,0,1.0,-0.006369426751592357
影片對話,77,0,0.8611966423594488,0.497,1.8156957082998173e-15,5.53440079829327e-16,0,1.0,-0.013888888888888888
影片對話,78,0,0.6560815305350141,0.517,1.8156957082998173e-15,5.53440079829327e-16,0,1.0,0.0
影片對話,79,0,0.6160141985410894,0.517,1.8156957082998173e-15,5.53440079829327e-16,0,1.0,0.004694835680751174
影片對話,80,0,0.738865108230727,0.51,1.8156957082998173e-15,5.53440079829327e-16,0,1.0,-0.0044444444444444444
影片對話,81,0,0.6887680253605841,0.534,1.8156957082998173e-15,5.53440079829327e-16,0,1.0,-0.03571428571428571
影片對話,82,0,0.876076174697842,0.48,1.8156957082998173e-15,5.53440079829327e-16,0,1.0,-0.004291845493562232
影片對話,83,0,0.7507334298798312,0.476,1.8156957082998173e-15,5.53440079829327e-16,0,1.0,-0.004672897196261682
影片對話,84,0,0.7760639912431966,0.502,1.8156957082998173e-15,5.53440079829327e-16,0,1.0,-0.01764705882352941
影片對話,85,0,0.9248737872076077,0.5,1.8156957082998173e-15,5.53440079829327e-16,0,1.0,-0.02358490566037736
影片對話,86,0,0.7112956764501723,0.519,1.8156957082998173e-15,5.53440079829327e-16,0,1.0,-0.027777777777777776
影片對話,87,0,0.7601585938116623,0.501,1.8156957082998173e-15,5.53440079829327e-16,0,1.0,0.005555555555555556
影片對話,88,0,0.7964342140717836,0.492,1.8156957082998173e-15,5.53440079829327e-16,0,1.0,-0.016260162601626018
影片對話,89,0,0.6740069223862024,0.48,1.8156957082998173e-15,5.53440079829327e-16,0,1.0,-0.01
影片對話,90,0,0.8069660766310838,0.48,1.8156957082998173e-15,5.53440079829327e-16,0,1.0,-0.006802721088435374
影片對話,91,0,0.6386028801338823,0.51,1.8156957082998173e-15,5.53440079829327e-16,0,1.0,-0.01485148514851485
影片對話,92,0,0.6887680253605842,0.477,1.8156957082998173e-15,5.53440079829327e-16,0,1.0,-0.007246376811594203
影片對話,93,0,0.9595964201026503,0.527,1.8156957082998173e-15,5.53440079829327e-16,0,1.0,-0.011235955056179775
影片對話,94,0,0.7789152858528354,0.476,1.8156957082998173e-15,5.53440079829327e-16,0,1.0,-0.013574660633484163
影片對話,95,0,0.7229708879993186,0.498,1.8156957082998173e-15,5.53440079829327e-16,0,1.0,-0.0205761316872428
影片對話,96,0,0.7084194173784968,0.496,1.8156957082998173e-15,5.53440079829327e-16,0,1.0,-0.016574585635359115
影片對話,97,0,0.8995163734870045,0.502,1.8156957082998173e-15,5.53440079829327e-16,0,1.0,0.0
影片對話,98,0,0.6099952386123539,0.498,1.8156957082998173e-15,5.53440079829327e-16,0,1.0,-0.017964071856287425
影片對話,99,0,0.7016950511193204,0.508,1.8156957082998173e-15,5.53440079829327e-16,0,1.0,-0.03409090909090909
影片對話,100,0,0.8141519103718472,0.509,1.8156957082998173e-15,5.53440079829327e-16,0,1.0,-0.0056179775280898875
影片對話,101,0,0.7388651082307272,0.504,1.8156957082998173e-15,5.53440079829327e-16,0,1.0,-0.005813953488372093
影片對話,102,0,0.7058078178367202,0.519,1.8156957082998173e-15,5.53440079829327e-16,0,1.0,-0.004524886877828055
影片對話,103,0,0.6082893809493954,0.509,1.8156957082998173e-15,5.53440079829327e-16,0,1.0,-0.010810810810810811
影片對話,104,0,0.817372007434678,0.497,1.8156957082998173e-15,5.53440079829327e-16,0,1.0,-0.012145748987854251
影片對話,105,0,0.651499851106031,0.459,1.8156957082998173e-15,5.53440079829327e-16,0,1.0,-0.018292682926829267
影片對話,106,0,0.6466644392970577,0.493,1.8156957082998173e-15,5.53440079829327e-16,0,1.0,-0.030612244897959183
影片對話,107,0,0.8984496700133634,0.535,1.8156957082998173e-15,5.53440079829327e-16,0,1.0,-0.017045454545454544
影片對話,108,0,0.7943732815707483,0.478,1.8156957082998173e-15,5.53440079829327e-16,0,1.0,-0.004761904761904762
影片對話,109,0,0.7259923259670882,0.51,1.8156957082998173e-15,5.53440079829327e-16,0,1.0,0.0
影片對話,110,0,0.73919885288885,0.48,1.8156957082998173e-15,5.53440079829327e-16,0,1.0,0.0
影片對話,111,0,0.5958777611291408,0.507,1.8156957082998173e-15,5.53440079829327e-16,0,1.0,0.0
影片對話,112,0,0.6099952386123542,0.482,1.8156957082998173e-15,5.53440079829327e-16,0,1.0,-0.00625
影片對話,113,0,0.7875568382400757,0.51,1.8156957082998173e-15,5.53440079829327e-16,0,1.0,-0.023391812865497075
影片對話,114,0,0.7229708879993186,0.515,1.8156957082998173e-15,5.53440079829327e-16,0,1.0,-0.004424778761061947
影片對話,115,0,0.6720159007122251,0.495,1.8156957082998173e-15,5.53440079829327e-16,0,1.0,-0.0043859649122807015
影片對話,116,0,0.693590042313821,0.511,1.8156957082998173e-15,5.53440079829327e-16,0,1.0,0.00558659217877095
影片對話,117,0,0.6379326365359212,0.509,1.8156957082998173e-15,5.53440079829327e-16,0,1.0,-0.01327433628318584
影片對話,118,0,0.7362296804988401,0.496,1.8156957082998173e-15,5.53440079829327e-16,0,1.0,-0.006993006993006993
影片對話,119,0,0.6654219536428057,0.481,1.8156957082998173e-15,5.53440079829327e-16,0,1.0,-0.017241379310344827
影片對話,120,0,0.7229708879993189,0.464,1.8156957082998173e-15,5.53440079829327e-16,0,1.0,0.005917159763313609
影片對話,121,0,0.8428185506550887,0.495,1.8156957082998173e-15,5.53440079829327e-16,0,1.0,0.006756756756756757
影片對話,122,0,0.5941939640322293,0.514,1.8156957082998173e-15,5.53440079829327e-16,0,1.0,-0.01775147928994083
影片對話,123,0,0.6261112383648264,0.515,1.8156957082998173e-15,5.53440079829327e-16,0,1.0,-0.028169014084507043
影片對話,124,0,0.7220001446628548,0.468,1.8156957082998173e-15,5.53440079829327e-16,0,1.0,-0.03211009174311927
影片對話,125,0,0.7819052347448351,0.534,1.8156957082998173e-15,5.53440079829327e-16,0,1.0,0.03398058252427184
影片對話,126,0,0.651499851106031,0.501,1.8156957082998173e-15,5.53440079829327e-16,0,1.0,-0.006134969325153374
影片對話,127,0,0.7576833368350926,0.508,1.8156957082998173e-15,5.53440079829327e-16,0,1.0,-0.023148148148148147
影片對話,128,0,0.7183472854908339,0.51,1.8156957082998173e-15,5.53440079829327e-16,0,1.0,-0.015706806282722512
影片對話,129,0,0.7006723394900947,0.501,1.8156957082998173e-15,5.53440079829327e-16,0,1.0,-0.006289308176100629
影片對話,130,0,0.708419417378497,0.475,1.8156957082998173e-15,5.53440079829327e-16,0,1.0,-0.006329113924050633
影片對話,131,0,0.6609216274355263,0.511,1.8156957082998173e-15,5.53440079829327e-16,0,1.0,-0.012658227848101266
影片對話,132,0,0.8436424094058974,0.514,1.8156957082998173e-15,5.53440079829327e-16,0,1.0,0.004901960784313725
影片對話,133,0,0.7949854051100484,0.487,1.8156957082998173e-15,5.53440079829327e-16,0,1.0,-0.027932960893854747
影片對話,134,0,0.7186051562120346,0.494,1.8156957082998173e-15,5.53440079829327e-16,0,1.0,-0.004166666666666667
影片對話,135,0,0.8330960653144236,0.512,1.8156957082998173e-15,5.53440079829327e-16,0,1.0,0.0
影片對話,136,0,0.7715257281301375,0.458,1.8156957082998173e-15,5.53440079829327e-16,0,1.0,-0.010101010101010102
影片對話,137,0,0.7846226552613969,0.504,1.8156957082998173e-15,5.53440079829327e-16,0,1.0,-0.014150943396226415
影片對話,138,0,0.7854144841491509,0.518,1.8156957082998173e-15,5.53440079829327e-16,0,1.0,-0.016853932584269662
影片對話,139,0,0.582329504989639,0.509,1.8156957082998173e-15,5.53440079829327e-16,0,1.0,-0.007936507936507936
影片對話,140,0,0.5941939640322292,0.478,1.8156957082998173e-15,5.53440079829327e-16,0,1.0,0.0
影片對話,141,0,0.8326669903581788,0.467,1.8156957082998173e-15,5.53440079829327e-16,0,1.0,0.00980392156862745
影片對話,142,0,0.8309539321910002,0.512,1.8156957082998173e-15,5.53440079829327e-16,0,1.0,-0.005847953216374269
影片對話,143,0,0.9346775553419568,0.474,1.8156957082998173e-15,5.53440079829327e-16,0,1.0,-0.008695652173913044
影片對話,144,0,0.6916519449863512,0.494,1.8156957082998173e-15,5.53440079829327e-16,0,1.0,-0.026881720430107527
影片對話,145,0,0.8473464097707687,0.495,1.8156957082998173e-15,5.53440079829327e-16,0,1.0,-0.019455252918287938
影片對話,146,0,0.6983342260981562,0.466,1.8156957082998173e-15,5.53440079829327e-16,0,1.0,-0.016778523489932886
影片對話,147,0,0.6492370149123288,0.493,1.8156957082998173e-15,5.53440079829327e-16,0,1.0,-0.026615969581749048
影片對話,148,0,0.688430054281632,0.485,1.8156957082998173e-15,5.53440079829327e-16,0,1.0,0.0
影片對話,149,0,0.7286666368355175,0.485,1.8156957082998173e-15,5.53440079829327e-16,0,1.0,-0.020689655172413793
影片對話,150,0,0.7805102083287287,0.504,1.8156957082998173e-15,5.53440079829327e-16,0,1.0,0.006172839506172839
影片對話,151,0,0.8301651619126791,0.506,1.8156957082998173e-15,5.53440079829327e-16,0,1.0,-0.044585987261146494
影片對話,152,0,0.6560815305350138,0.491,1.8156957082998173e-15,5.53440079829327e-16,0,1.0,-0.018691588785046728
影片對話,153,0,0.6749050873589868,0.48,1.8156957082998173e-15,5.53440079829327e-16,0,1.0,0.02040816326530612
影片對話,154,0,0.6265168957430522,0.51,1.8156957082998173e-15,5.53440079829327e-16,0,1.0,0.0
影片對話,155,0,0.9292958221823058,0.506,1.8156957082998173e-15,5.53440079829327e-16,0,1.0,0.0
影片對話,156,0,0.582298920832186,0.513,1.8156957082998173e-15,5.53440079829327e-16,0,1.0,-0.005952380952380952
影片對話,157,0,0.582298920832186,0.471,1.8156957082998173e-15,5.53440079829327e-16,0,1.0,-0.005952380952380952
影片對話,158,0,0.8764814749374773,0.492,1.8156957082998173e-15,5.53440079829327e-16,0,1.0,0.004149377593360996
影片對話,159,0,0.7616268819396721,0.498,1.8156957082998173e-15,5.53440079829327e-16,0,1.0,-0.022556390977443608
影片對話,160,0,0.8180675722379168,0.514,1.8156957082998173e-15,5.53440079829327e-16,0,1.0,-0.006756756756756757
影片對話,161,0,0.8745303538746312,0.483,1.8156957082998173e-15,5.53440079829327e-16,0,1.0,-0.01048951048951049
影片對話,162,0,0.7529759558777853,0.518,1.8156957082998173e-15,5.53440079829327e-16,0,1.0,-0.01545253863134658
影片對話,163,0,0.647419034727398,0.519,1.8156957082998173e-15,5.53440079829327e-16,0,1.0,-0.027972027972027972
影片對話,164,0,0.7857013629334438,0.493,1.8156957082998173e-15,5.53440079829327e-16,0,1.0,0.003389830508474576
影片對話,165,0,0.7143755462303449,0.492,1.8156957082998173e-15,5.53440079829327e-16,0,1.0,-0.002717391304347826
影片對話,166,0,0.7845427883619218,0.505,1.8156957082998173e-15,5.53440079829327e-16,0,1.0,-0.007575757575757576
影片對話,167,0,0.6033785187746745,0.499,1.8156957082998173e-15,5.53440079829327e-16,0,1.0,-0.0111731843575419
影片對話,168,0,0.8748726291533617,0.506,1.8156957082998173e-15,5.53440079829327e-16,0,1.0,-0.0055248618784530384
影片對話,169,0,0.875555554392877,0.503,1.8156957082998173e-15,5.53440079829327e-16,0,1.0,-0.027932960893854747
影片對話,170,0,0.6848635181809705,0.495,1.8156957082998173e-15,5.53440079829327e-16,0,1.0,-0.019830028328611898
影片對話,171,0,0.8886521825303808,0.506,1.8156957082998173e-15,5.53440079829327e-16,0,1.0,0.0
影片對話,172,0,0.8697595160625832,0.497,1.8156957082998173e-15,5.53440079829327e-16,0,1.0,0.0
影片對話,173,0,0.749962315604912,0.497,1.8156957082998173e-15,5.53440079829327e-16,0,1.0,-0.012711864406779662
影片對話,174,0,0.7917243993970096,0.505,1.8156957082998173e-15,5.53440079829327e-16,0,1.0,0.0
影片對話,175,0,0.7585768256788752,0.461,1.8156957082998173e-15,5.53440079829327e-16,0,1.0,0.004629629629629629
影片對話,176,0,0.7319751002977615,0.507,1.8156957082998173e-15,5.53440079829327e-16,0,1.0,-0.028409090909090908
影片對話,177,0,0.8272270297560965,0.515,1.8156957082998173e-15,5.53440079829327e-16,0,1.0,0.031007751937984496
影片對話,178,0,0.8242604525596168,0.489,1.8156957082998173e-15,5.53440079829327e-16,0,1.0,-0.005235602094240838
影片對話,179,0,0.7387242687079641,0.493,1.8156957082998173e-15,5.53440079829327e-16,0,1.0,-0.02857142857142857
影片對話,180,0,0.8982796413597695,0.512,1.8156957082998173e-15,5.53440079829327e-16,0,1.0,-0.004405286343612335
影片對話,181,0,0.8381098851357776,0.511,1.8156957082998173e-15,5.53440079829327e-16,0,1.0,-0.02142857142857143
影片對話,182,0,0.8886159263122089,0.511,1.8156957082998173e-15,5.53440079829327e-16,0,1.0,-0.014563106796116505
影片對話,183,0,0.7846394728210675,0.528,1.8156957082998173e-15,5.53440079829327e-16,0,1.0,-0.012269938650306749
影片對話,184,0,0.7355736441063465,0.502,1.8156957082998173e-15,5.53440079829327e-16,0,1.0,-0.004166666666666667
影片對話,185,0,0.722939374203676,0.521,1.8156957082998173e-15,5.53440079829327e-16,0,1.0,-0.007407407407407408
影片對話,186,0,0.6560815305350141,0.514,1.8156957082998173e-15,5.53440079829327e-16,0,1.0,-0.024096385542168676
影片對話,187,0,0.8687957057618045,0.508,1.8156957082998173e-15,5.53440079829327e-16,0,1.0,-0.007352941176470588
影片對話,188,0,0.798352817943307,0.501,1.8156957082998173e-15,5.53440079829327e-16,0,1.0,-0.04081632653061224
影片對話,189,0,0.8153175578089429,0.508,1.8156957082998173e-15,5.53440079829327e-16,0,1.0,0.0
影片對話,190,0,0.8697595160625832,0.505,1.8156957082998173e-15,5.53440079829327e-16,0,1.0,-0.022900763358778626
影片對話,191,0,0.6609216274355261,0.48,1.8156957082998173e-15,5.53440079829327e-16,0,1.0,0.0
影片對話,192,0,0.6615826414241496,0.498,1.8156957082998173e-15,5.53440079829327e-16,0,1.0,0.0
影片對話,193,0,0.7935339078758745,0.499,1.8156957082998173e-15,5.53440079829327e-16,0,1.0,-0.014285714285714285
影片對話,194,0,0.8473464097707687,0.52,1.8156957082998173e-15,5.53440079829327e-16,0,1.0,-0.022556390977443608
影片對話,195,0,0.5640500216259794,0.502,1.8156957082998173e-15,5.53440079829327e-16,0,1.0,-0.005
影片對話,196,0,0.8393021157892402,0.509,1.8156957082998173e-15,5.53440079829327e-16,0,1.0,-0.008620689655172414
影片對話,197,0,0.8685356303545195,0.495,1.8156957082998173e-15,5.53440079829327e-16,0,1.0,-0.008771929824561403
影片對話,198,0,0.825347157429659,0.502,1.8156957082998173e-15,5.53440079829327e-16,0,1.0,-0.00819672131147541
影片對話,199,0,0.7786987278402722,0.507,1.8156957082998173e-15,5.53440079829327e-16,0,1.0,-0.018518518518518517
影片對話,200,0,0.7901175906492328,0.501,1.8156957082998173e-15,5.53440079829327e-16,0,1.0,0.0
影片對話,201,0,0.7616268819396722,0.483,1.8156957082998173e-15,5.53440079829327e-16,0,1.0,-0.028985507246376812
影片對話,202,0,0.6974107397538352,0.479,1.8156957082998173e-15,5.53440079829327e-16,0,1.0,-0.021645021645021644
影片對話,203,0,0.7865534844040102,0.485,1.8156957082998173e-15,5.53440079829327e-16,0,1.0,-0.010101010101010102
影片對話,204,0,0.798352817943307,0.506,1.8156957082998173e-15,5.53440079829327e-16,0,1.0,-0.04081632653061224
影片對話,205,0,0.7426411426851203,0.49,1.8156957082998173e-15,5.53440079829327e-16,0,1.0,0.0
影片對話,206,0,0.7855432265997915,0.502,1.8156957082998173e-15,5.53440079829327e-16,0,1.0,-0.003115264797507788
影片對話,207,0,0.8227948825260981,0.507,1.8156957082998173e-15,5.53440079829327e-16,0,1.0,0.0
影片對話,208,0,0.8358568252328065,0.493,1.8156957082998173e-15,5.53440079829327e-16,0,1.0,-0.005847953216374269
影片對話,209,0,0.893158535644563,0.48,1.8156957082998173e-15,5.53440079829327e-16,0,1.0,0.005333333333333333
影片對話,210,0,0.9106736636899884,0.507,1.8156957082998173e-15,5.53440079829327e-16,0,1.0,0.0
影片對話,211,0,0.8205746107585423,0.455,1.8156957082998173e-15,5.53440079829327e-16,0,1.0,0.0
影片對話,212,0,0.7384179492337881,0.5,1.8156957082998173e-15,5.53440079829327e-16,0,1.0,0.0038461538461538464
影片對話,213,0,0.6720159007122251,0.498,1.8156957082998173e-15,5.53440079829327e-16,0,1.0,0.0
影片對話,214,0,0.6830072331161654,0.488,1.8156957082998173e-15,5.53440079829327e-16,0,1.0,0.0
影片對話,215,0,0.7399603805533486,0.503,1.8156957082998173e-15,5.53440079829327e-16,0,1.0,-0.005434782608695652
影片對話,216,0,0.7112956764501721,0.52,1.8156957082998173e-15,5.53440079829327e-16,0,1.0,-0.0136986301369863
影片對話,217,0,0.8069660766310837,0.497,1.8156957082998173e-15,5.53440079829327e-16,0,1.0,-0.008333333333333333
影片對話,218,0,0.8305686238464739,0.524,1.8156957082998173e-15,5.53440079829327e-16,0,1.0,0.0
影片對話,219,0,0.7981647580618058,0.519,1.8156957082998173e-15,5.53440079829327e-16,0,1.0,0.0
影片對話,220,0,0.6534520209387238,0.508,1.8156957082998173e-15,5.53440079829327e-16,0,1.0,-0.006802721088435374
影片對話,221,0,0.7665184237934153,0.499,1.8156957082998173e-15,5.53440079829327e-16,0,1.0,0.005714285714285714
影片對話,222,0,0.6948350261105216,0.517,1.8156957082998173e-15,5.53440079829327e-16,0,1.0,-0.008928571428571428
影片對話,223,0,0.688768025360584,0.511,1.8156957082998173e-15,5.53440079829327e-16,0,1.0,-0.02027027027027027
影片對話,224,0,0.7568053919419032,0.487,1.8156957082998173e-15,5.53440079829327e-16,0,1.0,-0.004464285714285714
影片對話,225,0,0.860801887488499,0.496,1.8156957082998173e-15,5.53440079829327e-16,0,1.0,0.004310344827586207
影片對話,226,0,0.766578174055638,0.509,1.8156957082998173e-15,5.53440079829327e-16,0,1.0,0.0
影片對話,227,0,0.6913963690228557,0.495,1.8156957082998173e-15,5.53440079829327e-16,0,1.0,-0.009569377990430622
影片對話,228,0,0.6745246141710534,0.51,1.8156957082998173e-15,5.53440079829327e-16,0,1.0,0.011764705882352941
影片對話,229,0,0.825165088133486,0.511,1.8156957082998173e-15,5.53440079829327e-16,0,1.0,-0.005291005291005291
影片對話,230,0,0.6534520209387242,0.516,1.8156957082998173e-15,5.53440079829327e-16,0,1.0,-0.019736842105263157
影片對話,231,0,0.8069660766310838,0.479,1.8156957082998173e-15,5.53440079829327e-16,0,1.0,-0.008064516129032258
影片對話,232,0,0.7854144841491508,0.512,1.8156957082998173e-15,5.53440079829327e-16,0,1.0,-0.008064516129032258
影片對話,233,0,0.6484305005088136,0.5,1.8156957082998173e-15,5.53440079829327e-16,0,1.0,-0.02040816326530612
影片對話,234,0,0.7131646182018322,0.512,1.8156957082998173e-15,5.53440079829327e-16,0,1.0,0.013333333333333334
影片對話,235,0,0.7137459358501429,0.506,1.8156957082998173e-15,5.53440079829327e-16,0,1.0,0.0
影片對話,236,0,0.7845427883619221,0.496,1.8156957082998173e-15,5.53440079829327e-16,0,1.0,0.004761904761904762
影片對話,237,0,0.9049963533878027,0.512,1.8156957082998173e-15,5.53440079829327e-16,0,1.0,-0.012195121951219513
影片對話,238,0,0.7805813651995287,0.504,1.8156957082998173e-15,5.53440079829327e-16,0,1.0,-0.009708737864077669
影片對話,239,0,0.8495852831159146,0.476,1.8156957082998173e-15,5.53440079829327e-16,0,1.0,-0.006622516556291391
影片對話,240,0,0.6935900423138208,0.487,1.8156957082998173e-15,5.53440079829327e-16,0,1.0,0.004329004329004329
影片對話,241,0,0.8842360433644235,0.477,1.8156957082998173e-15,5.53440079829327e-16,0,1.0,0.0
影片對話,242,0,0.7808109707814941,0.473,1.8156957082998173e-15,5.53440079829327e-16,0,1.0,0.006872852233676976
影片對話,243,0,0.9295803408081198,0.509,1.8156957082998173e-15,5.53440079829327e-16,0,1.0,-0.009316770186335404
影片對話,244,0,0.651499851106031,0.482,1.8156957082998173e-15,5.53440079829327e-16,0,1.0,-0.00625
影片對話,245,0,0.6149051585276906,0.491,1.8156957082998173e-15,5.53440079829327e-16,0,1.0,0.006329113924050633
影片對話,246,0,0.6099952386123539,0.478,1.8156957082998173e-15,5.53440079829327e-16,0,1.0,-0.005847953216374269
影片對話,247,0,0.6560815305350141,0.496,1.8156957082998173e-15,5.53440079829327e-16,0,1.0,-0.0064516129032258064
影片對話,248,0,0.7890488841482882,0.519,1.8156957082998173e-15,5.53440079829327e-16,0,1.0,-0.025830258302583026
影片對話,249,0,0.7854957888962733,0.515,1.8156957082998173e-15,5.53440079829327e-16,0,1.0,-0.005952380952380952
影片對話,250,0,0.6357599748446379,0.466,1.8156957082998173e-15,5.53440079829327e-16,0,1.0,-0.014018691588785047
影片對話,251,0,0.6265168957430522,0.502,1.8156957082998173e-15,5.53440079829327e-16,0,1.0,0.0
影片對話,252,0,0.6380407537557595,0.509,1.8156957082998173e-15,5.53440079829327e-16,0,1.0,0.005
影片對話,253,0,0.661582641424149,0.483,1.8156957082998173e-15,5.53440079829327e-16,0,1.0,0.0
影片對話,254,0,0.6380407537557599,0.475,1.8156957082998173e-15,5.53440079829327e-16,0,1.0,-0.004784688995215311
影片對話,255,0,0.7000753411589462,0.511,1.8156957082998173e-15,5.53440079829327e-16,0,1.0,-0.007352941176470588
影片對話,256,0,0.7419887844289146,0.502,1.8156957082998173e-15,5.53440079829327e-16,0,1.0,0.005235602094240838
影片對話,257,0,0.8022715628127288,0.515,1.8156957082998173e-15,5.53440079829327e-16,0,1.0,0.00625
影片對話,258,0,0.7406322134708507,0.493,1.8156957082998173e-15,5.53440079829327e-16,0,1.0,-0.019801980198019802
影片對話,259,0,0.7434289137198957,0.55,1.8156957082998173e-15,5.53440079829327e-16,0,1.0,-0.010416666666666666
影片對話,260,0,0.740632213470851,0.505,1.8156957082998173e-15,5.53440079829327e-16,0,1.0,-0.008771929824561403
影片對話,261,0,0.8884730395719476,0.507,1.8156957082998173e-15,5.53440079829327e-16,0,1.0,-0.010362694300518135
影片對話,262,0,0.7865534844040104,0.5,1.8156957082998173e-15,5.53440079829327e-16,0,1.0,0.006172839506172839
影片對話,263,0,0.7259923259670882,0.509,1.8156957082998173e-15,5.53440079829327e-16,0,1.0,-0.022988505747126436
影片對話,264,0,0.7684695707258631,0.498,1.8156957082998173e-15,5.53440079829327e-16,0,1.0,-0.006097560975609756
影片對話,265,0,0.8102983845397902,0.472,1.8156957082998173e-15,5.53440079829327e-16,0,1.0,-0.0078125
影片對話,266,0,0.8600302300988432,0.495,1.8156957082998173e-15,5.53440079829327e-16,0,1.0,0.006024096385542169
影片對話,267,0,0.6609216274355256,0.52,1.8156957082998173e-15,5.53440079829327e-16,0,1.0,0.0
影片對話,268,0,0.740632213470851,0.483,1.8156957082998173e-15,5.53440079829327e-16,0,1.0,-0.03333333333333333
影片對話,269,0,0.8797486689282213,0.49,1.8156957082998173e-15,5.53440079829327e-16,0,1.0,0.024390243902439025
影片對話,270,0,0.8974551459982136,0.497,1.8156957082998173e-15,5.53440079829327e-16,0,1.0,-0.014285714285714285
影片對話,271,0,0.8722386325958708,0.49,1.8156957082998173e-15,5.53440079829327e-16,0,1.0,-0.00510204081632653
影片對話,272,0,0.7953756983946529,0.534,1.8156957082998173e-15,5.53440079829327e-16,0,1.0,0.0056179775280898875
影片對話,273,0,0.8389103022148587,0.515,1.8156957082998173e-15,5.53440079829327e-16,0,1.0,0.007575757575757576
影片對話,274,0,0.7935339078758747,0.513,1.8156957082998173e-15,5.53440079829327e-16,0,1.0,-0.04838709677419355
影片對話,275,0,0.9664882833278833,0.467,1.8156957082998173e-15,5.53440079829327e-16,0,1.0,-0.013605442176870748
影片對話,276,0,0.8227948825260981,0.488,1.8156957082998173e-15,5.53440079829327e-16,0,1.0,-0.02631578947368421
影片對話,277,0,0.817372007434678,0.5,1.8156957082998173e-15,5.53440079829327e-16,0,1.0,0.0
影片對話,278,0,0.8684562210843171,0.502,1.8156957082998173e-15,5.53440079829327e-16,0,1.0,-0.025510204081632654
影片對話,279,0,0.8169344339676714,0.474,1.8156957082998173e-15,5.53440079829327e-16,0,1.0,0.0136986301369863
影片對話,280,0,0.7964342140717837,0.469,1.8156957082998173e-15,5.53440079829327e-16,0,1.0,-0.006944444444444444
影片對話,281,0,0.6666436333692272,0.519,1.8156957082998173e-15,5.53440079829327e-16,0,1.0,-0.015748031496062992
影片對話,282,0,0.8277682553517223,0.513,1.8156957082998173e-15,5.53440079829327e-16,0,1.0,-0.004761904761904762
影片對話,283,0,0.8670629194071148,0.468,1.8156957082998173e-15,5.53440079829327e-16,0,1.0,-0.008620689655172414
影片對話,284,0,0.6534520209387238,0.479,1.8156957082998173e-15,5.53440079829327e-16,0,1.0,-0.007874015748031496
影片對話,285,0,0.710067266048208,0.527,1.8156957082998173e-15,5.53440079829327e-16,0,1.0,-0.0091324200913242
影片對話,286,0,0.6908143066945569,0.507,1.8156957082998173e-15,5.53440079829327e-16,0,1.0,0.0
影片對話,287,0,0.7611664297623236,0.518,1.8156957082998173e-15,5.53440079829327e-16,0,1.0,-0.017543859649122806
影片對話,288,0,0.6849890347378702,0.477,1.8156957082998173e-15,5.53440079829327e-16,0,1.0,-0.008888888888888889
影片對話,289,0,0.858901952825325,0.49,1.8156957082998173e-15,5.53440079829327e-16,0,1.0,0.0
影片對話,290,0,0.8950175620641264,0.506,1.8156957082998173e-15,5.53440079829327e-16,0,1.0,-0.0036101083032490976
影片對話,291,0,0.6797517411470112,0.501,1.8156957082998173e-15,5.53440079829327e-16,0,1.0,-0.005263157894736842
影片對話,292,0,0.6386028801338828,0.517,1.8156957082998173e-15,5.53440079829327e-16,0,1.0,-0.012658227848101266
影片對話,293,0,0.660921627435526,0.509,1.8156957082998173e-15,5.53440079829327e-16,0,1.0,-0.006944444444444444
影片對話,294,0,0.6720159007122253,0.506,1.8156957082998173e-15,5.53440079829327e-16,0,1.0,-0.00784313725490196
影片對話,295,0,0.7137459358501429,0.476,1.8156957082998173e-15,5.53440079829327e-16,0,1.0,-0.014388489208633094
影片對話,296,0,0.747102542552009,0.505,1.8156957082998173e-15,5.53440079829327e-16,0,1.0,-0.005076142131979695
影片對話,297,0,0.7935339078758745,0.503,,,0,1.0,0.0
影片描述,0,0,0.7799931882434114,0.504,1.8156957082998173e-15,5.53440079829327e-16,0,1.0,0.0
影片描述,1,0,0.6099952386123539,0.517,1.8156957082998173e-15,5.53440079829327e-16,0,1.0,0.0
影片描述,2,0,0.5640500216259794,0.513,1.8156957082998173e-15,5.53440079829327e-16,0,1.0,-0.008403361344537815
影片描述,3,0,0.7051558879409513,0.487,1.8156957082998173e-15,5.53440079829327e-16,0,1.0,0.0
影片描述,4,0,0.7345342479764846,0.508,1.8156957082998173e-15,5.53440079829327e-16,0,1.0,0.0
影片描述,5,0,0.9555820545581875,0.495,1.8156957082998173e-15,5.53440079829327e-16,0,1.0,0.0
影片描述,6,0,0.7675459099111628,0.48,1.8156957082998173e-15,5.53440079829327e-16,0,1.0,0.0
影片描述,7,0,0.8597169445453003,0.509,1.8156957082998173e-15,5.53440079829327e-16,0,1.0,0.0
影片描述,8,0,0.7854144841491506,0.494,1.8156957082998173e-15,5.53440079829327e-16,0,1.0,0.0
影片描述,9,0,0.815317557808943,0.501,1.8156957082998173e-15,5.53440079829327e-16,0,1.0,-0.015625
影片描述,10,0,0.8725917203383323,0.52,1.8156957082998173e-15,5.53440079829327e-16,0,1.0,-0.006329113924050633
影片描述,11,0,0.8315715193748476,0.533,1.8156957082998173e-15,5.53440079829327e-16,0,1.0,0.0
影片描述,12,0,0.7257351512244077,0.496,1.8156957082998173e-15,5.53440079829327e-16,0,1.0,0.007246376811594203
影片描述,13,0,0.8854806865801628,0.494,1.8156957082998173e-15,5.53440079829327e-16,0,1.0,0.010752688172043012
影片描述,14,0,0.6609216274355261,0.502,1.8156957082998173e-15,5.53440079829327e-16,0,1.0,0.0
影片描述,15,0,0.7434289137198955,0.518,1.8156957082998173e-15,5.53440079829327e-16,0,1.0,0.0
影片描述,16,0,0.7434289137198957,0.508,1.8156957082998173e-15,5.53440079829327e-16,0,1.0,0.0
影片描述,17,0,0.9188333238195641,0.501,1.8156957082998173e-15,5.53440079829327e-16,0,1.0,-0.01098901098901099
影片描述,18,0,0.5640500216259794,0.497,1.8156957082998173e-15,5.53440079829327e-16,0,1.0,-0.023529411764705882
影片描述,19,0,0.7434289137198956,0.484,1.8156957082998173e-15,5.53440079829327e-16,0,1.0,-0.0055248618784530384
影片描述,20,0,0.949024382686616,0.5,1.8156957082998173e-15,5.53440079829327e-16,0,1.0,0.0
影片描述,21,0,0.7665184237934153,0.496,1.8156957082998173e-15,5.53440079829327e-16,0,1.0,0.00558659217877095
影片描述,22,0,0.6380407537557599,0.522,1.8156957082998173e-15,5.53440079829327e-16,0,1.0,0.0
影片描述,23,0,0.9049739643826308,0.493,1.8156957082998173e-15,5.53440079829327e-16,0,1.0,-0.01834862385321101
影片描述,24,0,0.7030873253230108,0.485,1.8156957082998173e-15,5.53440079829327e-16,0,1.0,0.0
影片描述,25,0,0.708419417378497,0.499,1.8156957082998173e-15,5.53440079829327e-16,0,1.0,-0.018518518518518517
影片描述,26,0,0.777673673099869,0.495,1.8156957082998173e-15,5.53440079829327e-16,0,1.0,0.0
影片描述,27,0,0.7710227966308594,0.517,1.8156957082998173e-15,5.53440079829327e-16,0,1.0,-0.013513513513513514
影片描述,28,0,0.7399603805533488,0.484,1.8156957082998173e-15,5.53440079829327e-16,0,1.0,0.0
影片描述,29,0,0.8250050427547655,0.501,1.8156957082998173e-15,5.53440079829327e-16,0,1.0,0.0
影片描述,30,0,0.6654219536428057,0.49,1.8156957082998173e-15,5.53440079829327e-16,0,1.0,0.0
影片描述,31,0,0.9014033053366559,0.5,1.8156957082998173e-15,5.53440079829327e-16,0,1.0,0.0
影片描述,32,0,0.7824162252007764,0.522,1.8156957082998173e-15,5.53440079829327e-16,0,1.0,0.0
影片描述,33,0,0.8878106332871614,0.507,1.8156957082998173e-15,5.53440079829327e-16,0,1.0,0.005714285714285714
影片描述,34,0,0.7399603805533486,0.502,1.8156957082998173e-15,5.53440079829327e-16,0,1.0,0.0
影片描述,35,0,0.6609216274355261,0.521,1.8156957082998173e-15,5.53440079829327e-16,0,1.0,0.013157894736842105
影片描述,36,0,0.8624034815365798,0.518,1.8156957082998173e-15,5.53440079829327e-16,0,1.0,0.023809523809523808
影片描述,37,0,0.7935339078758745,0.494,1.8156957082998173e-15,5.53440079829327e-16,0,1.0,0.009259259259259259
影片描述,38,0,0.7710227966308595,0.478,1.8156957082998173e-15,5.53440079829327e-16,0,1.0,0.0
影片描述,39,0,0.7406322134708511,0.504,1.8156957082998173e-15,5.53440079829327e-16,0,1.0,-0.006060606060606061
影片描述,40,0,0.7319942000111477,0.508,1.8156957082998173e-15,5.53440079829327e-16,0,1.0,0.0
影片描述,41,0,0.8854806865801627,0.477,1.8156957082998173e-15,5.53440079829327e-16,0,1.0,-0.012048192771084338
影片描述,42,0,0.8790222705072115,0.498,1.8156957082998173e-15,5.53440079829327e-16,0,1.0,-0.010101010101010102
影片描述,43,0,0.8315715193748476,0.483,1.8156957082998173e-15,5.53440079829327e-16,0,1.0,0.0
影片描述,44,0,0.7635873829472818,0.503,1.8156957082998173e-15,5.53440079829327e-16,0,1.0,-0.028169014084507043
影片描述,45,0,0.6424676585181086,0.5,1.8156957082998173e-15,5.53440079829327e-16,0,1.0,0.0
影片描述,46,0,0.7710227966308594,0.519,1.8156957082998173e-15,5.53440079829327e-16,0,1.0,0.0
影片描述,47,0,0.8854806865801627,0.488,1.8156957082998173e-15,5.53440079829327e-16,0,1.0,-0.01020408163265306
影片描述,48,0,0.8936952331137836,0.527,1.8156957082998173e-15,5.53440079829327e-16,0,1.0,0.0
影片描述,49,0,0.9339908083211503,0.487,1.8156957082998173e-15,5.53440079829327e-16,0,1.0,-0.011627906976744186
影片描述,50,0,0.8173934067786046,0.52,1.8156957082998173e-15,5.53440079829327e-16,0,0.9999999999999999,-0.046875
影片描述,51,0,0.6606788564361061,0.485,1.8156957082998173e-15,5.53440079829327e-16,0,1.0,0.0
影片描述,52,0,0.8597169445453003,0.509,1.8156957082998173e-15,5.53440079829327e-16,0,1.0,0.0
影片描述,53,0,0.7319942000111475,0.528,1.8156957082998173e-15,5.53440079829327e-16,0,1.0,-0.008620689655172414
影片描述,54,0,0.6609216274355262,0.473,1.8156957082998173e-15,5.53440079829327e-16,0,1.0,0.0
影片描述,55,0,0.7614632314583036,0.474,1.8156957082998173e-15,5.53440079829327e-16,0,1.0,-0.004629629629629629
影片描述,56,0,0.7988327989500175,0.467,1.8156957082998173e-15,5.53440079829327e-16,0,1.0,-0.012658227848101266
影片描述,57,0,0.8354959172923968,0.511,1.8156957082998173e-15,5.53440079829327e-16,0,1.0,0.0
影片描述,58,0,0.6265168957430522,0.479,1.8156957082998173e-15,5.53440079829327e-16,0,1.0,-0.008333333333333333
影片描述,59,0,0.8797486689282213,0.5,1.8156957082998173e-15,5.53440079829327e-16,0,1.0,-0.007874015748031496
影片描述,60,0,0.5640500216259794,0.54,1.8156957082998173e-15,5.53440079829327e-16,0,1.0,-0.025
影片描述,61,0,0.6887680253605839,0.5,1.8156957082998173e-15,5.53440079829327e-16,0,1.0,0.0
影片描述,62,0,0.9002824599793442,0.52,1.8156957082998173e-15,5.53440079829327e-16,0,1.0,-0.017241379310344827
影片描述,63,0,0.7234903745819898,0.501,1.8156957082998173e-15,5.53440079829327e-16,0,1.0,0.0
影片描述,64,0,0.7611664297623236,0.511,1.8156957082998173e-15,5.53440079829327e-16,0,1.0,-0.02127659574468085
影片描述,65,0,0.8601177184824478,0.481,1.8156957082998173e-15,5.53440079829327e-16,0,1.0,0.0
影片描述,66,0,0.6609216274355261,0.512,1.8156957082998173e-15,5.53440079829327e-16,0,1.0,-0.01020408163265306
影片描述,67,0,0.6534520209387238,0.512,1.8156957082998173e-15,5.53440079829327e-16,0,1.0,0.0
影片描述,68,0,0.7399603805533488,0.525,1.8156957082998173e-15,5.53440079829327e-16,0,1.0,0.0
影片描述,69,0,0.7929345371306853,0.516,1.8156957082998173e-15,5.53440079829327e-16,0,1.0,0.0
影片描述,70,0,0.7935339078758745,0.517,1.8156957082998173e-15,5.53440079829327e-16,0,1.0,-0.010526315789473684
影片描述,71,0,0.8622002788156029,0.467,1.8156957082998173e-15,5.53440079829327e-16,0,1.0,-0.011904761904761904
影片描述,72,0,0.6830072331161652,0.51,1.8156957082998173e-15,5.53440079829327e-16,0,1.0,0.0
影片描述,73,0,0.6265168957430522,0.493,1.8156957082998173e-15,5.53440079829327e-16,0,1.0,-0.01694915254237288
影片描述,74,0,0.9173500386407082,0.493,1.8156957082998173e-15,5.53440079829327e-16,0,1.0,-0.03007518796992481
影片描述,75,0,0.7967195305007706,0.502,1.8156957082998173e-15,5.53440079829327e-16,0,1.0,-0.008771929824561403
影片描述,76,0,0.7824162252007764,0.485,1.8156957082998173e-15,5.53440079829327e-16,0,1.0,-0.02040816326530612
影片描述,77,0,0.7813896309955235,0.49,1.8156957082998173e-15,5.53440079829327e-16,0,1.0,-0.01694915254237288
影片描述,78,0,0.8315715193748476,0.535,1.8156957082998173e-15,5.53440079829327e-16,0,1.0,0.0
影片描述,79,0,0.7286666368355175,0.517,1.8156957082998173e-15,5.53440079829327e-16,0,1.0,0.010869565217391304
影片描述,80,0,0.7813896309955233,0.502,1.8156957082998173e-15,5.53440079829327e-16,0,1.0,0.0
影片描述,81,0,0.7461531010750952,0.494,1.8156957082998173e-15,5.53440079829327e-16,0,1.0,0.0
影片描述,82,0,0.6568616506854568,0.547,1.8156957082998173e-15,5.53440079829327e-16,0,1.0,-0.0234375
影片描述,83,0,0.8173934067786046,0.516,1.8156957082998173e-15,5.53440079829327e-16,0,1.0,0.0
影片描述,84,0,0.6534520209387238,0.506,1.8156957082998173e-15,5.53440079829327e-16,0,1.0,-0.010526315789473684
影片描述,85,0,0.7801696281516836,0.521,1.8156957082998173e-15,5.53440079829327e-16,0,1.0,0.0
影片描述,86,0,0.6908143066945571,0.522,1.8156957082998173e-15,5.53440079829327e-16,0,1.0,-0.016129032258064516
影片描述,87,0,0.8393021157892402,0.5,1.8156957082998173e-15,5.53440079829327e-16,0,1.0,0.0
影片描述,88,0,0.8393021157892402,0.517,1.8156957082998173e-15,5.53440079829327e-16,0,1.0,-0.017241379310344827
影片描述,89,0,0.7611664297623235,0.499,1.8156957082998173e-15,5.53440079829327e-16,0,1.0,0.0
影片描述,90,0,0.7434289137198957,0.505,1.8156957082998173e-15,5.53440079829327e-16,0,1.0,-0.03571428571428571
影片描述,91,0,0.792934537130685,0.513,1.8156957082998173e-15,5.53440079829327e-16,0,1.0,0.0
影片描述,92,0,0.6609216274355265,0.473,1.8156957082998173e-15,5.53440079829327e-16,0,1.0,0.012987012987012988
影片描述,93,0,0.7259923259670878,0.474,1.8156957082998173e-15,5.53440079829327e-16,0,1.0,-0.011111111111111112
影片描述,94,0,0.7234903745819901,0.484,1.8156957082998173e-15,5.53440079829327e-16,0,1.0,0.0
影片描述,95,0,0.6219615705902439,0.509,1.8156957082998173e-15,5.53440079829327e-16,0,1.0,-0.008928571428571428
影片描述,96,0,0.9556047039477553,0.469,1.8156957082998173e-15,5.53440079829327e-16,0,1.0,0.02040816326530612
影片描述,97,0,0.7406322134708512,0.501,1.8156957082998173e-15,5.53440079829327e-16,0,1.0,0.010869565217391304
影片描述,98,0,0.8176515578904869,0.51,1.8156957082998173e-15,5.53440079829327e-16,0,1.0,0.0
影片描述,99,0,0.8439471509448087,0.465,1.8156957082998173e-15,5.53440079829327e-16,0,1.0,-0.0136986301369863
影片描述,100,0,0.7461531010750955,0.528,1.8156957082998173e-15,5.53440079829327e-16,0,1.0,0.0
影片描述,101,0,0.7813896309955235,0.529,1.8156957082998173e-15,5.53440079829327e-16,0,1.0,0.0
影片描述,102,0,0.8315715193748473,0.511,1.8156957082998173e-15,5.53440079829327e-16,0,1.0,0.0196078431372549
影片描述,103,0,0.7286666368355179,0.516,1.8156957082998173e-15,5.53440079829327e-16,0,1.0,0.0
影片描述,104,0,0.7399603805533488,0.501,1.8156957082998173e-15,5.53440079829327e-16,0,1.0,-0.00980392156862745
影片描述,105,0,0.6484305005088138,0.513,1.8156957082998173e-15,5.53440079829327e-16,0,1.0,-0.006622516556291391
影片描述,106,0,0.6929902491205766,0.505,1.8156957082998173e-15,5.53440079829327e-16,0,1.0,0.0
影片描述,107,0,0.7434289137198957,0.526,1.8156957082998173e-15,5.53440079829327e-16,0,1.0,-0.019417475728155338
影片描述,108,0,0.8597169445453006,0.503,1.8156957082998173e-15,5.53440079829327e-16,0,1.0,0.0
影片描述,109,0,0.6534520209387238,0.494,1.8156957082998173e-15,5.53440079829327e-16,0,1.0,0.022988505747126436
影片描述,110,0,0.8687957057618043,0.508,1.8156957082998173e-15,5.53440079829327e-16,0,1.0,0.0
影片描述,111,0,0.8597169445453003,0.468,1.8156957082998173e-15,5.53440079829327e-16,0,1.0,0.0
影片描述,112,0,0.6534520209387238,0.475,1.8156957082998173e-15,5.53440079829327e-16,0,1.0,-0.011363636363636364
影片描述,113,0,0.713745935850143,0.486,1.8156957082998173e-15,5.53440079829327e-16,0,1.0,0.0
影片描述,114,0,0.5640500216259794,0.521,1.8156957082998173e-15,5.53440079829327e-16,0,1.0,0.0
影片描述,115,0,0.7710227966308595,0.511,1.8156957082998173e-15,5.53440079829327e-16,0,1.0,-0.02702702702702703
影片描述,116,0,0.6288436924303764,0.513,1.8156957082998173e-15,5.53440079829327e-16,0,1.0,0.0
影片描述,117,0,0.817372007434678,0.5,1.8156957082998173e-15,5.53440079829327e-16,0,1.0,0.015151515151515152
影片描述,118,0,0.7461531010750956,0.483,1.8156957082998173e-15,5.53440079829327e-16,0,1.0,0.0
影片描述,119,0,0.7461531010750955,0.536,1.8156957082998173e-15,5.53440079829327e-16,0,1.0,-0.014285714285714285
影片描述,120,0,0.8173934067786046,0.517,1.8156957082998173e-15,5.53440079829327e-16,0,1.0,0.0
影片描述,121,0,0.5640500216259794,0.488,1.8156957082998173e-15,5.53440079829327e-16,0,1.0,0.0
影片描述,122,0,0.8587170633943734,0.507,1.8156957082998173e-15,5.53440079829327e-16,0,1.0,0.0
影片描述,123,0,0.6609216274355261,0.5,1.8156957082998173e-15,5.53440079829327e-16,0,1.0,-0.011111111111111112
影片描述,124,0,0.6265168957430522,0.509,1.8156957082998173e-15,5.53440079829327e-16,0,1.0,0.015873015873015872
影片描述,125,0,0.869720854703332,0.464,1.8156957082998173e-15,5.53440079829327e-16,0,1.0,-0.010309278350515464
影片描述,126,0,0.7813896309955235,0.495,1.8156957082998173e-15,5.53440079829327e-16,0,1.0,0.044444444444444446
影片描述,127,0,0.7710227966308594,0.491,1.8156957082998173e-15,5.53440079829327e-16,0,1.0,-0.014705882352941176
影片描述,128,0,0.8315715193748474,0.511,1.8156957082998173e-15,5.53440079829327e-16,0,1.0,-0.013513513513513514
影片描述,129,0,0.7710227966308594,0.496,1.8156957082998173e-15,5.53440079829327e-16,0,1.0,0.0
影片描述,130,0,0.6534520209387238,0.486,1.8156957082998173e-15,5.53440079829327e-16,0,1.0,-0.010526315789473684
影片描述,131,0,0.6835022624559655,0.502,1.8156957082998173e-15,5.53440079829327e-16,0,1.0,0.0
影片描述,132,0,0.7278447365626899,0.496,1.8156957082998173e-15,5.53440079829327e-16,0,1.0,0.0
影片描述,133,0,0.5640500216259794,0.511,1.8156957082998173e-15,5.53440079829327e-16,0,1.0,0.03571428571428571
影片描述,134,0,0.7112956764501723,0.518,1.8156957082998173e-15,5.53440079829327e-16,0,1.0,-0.009708737864077669
影片描述,135,0,0.7813896309955235,0.487,1.8156957082998173e-15,5.53440079829327e-16,0,1.0,0.0
影片描述,136,0,0.8493641232708922,0.484,1.8156957082998173e-15,5.53440079829327e-16,0,1.0,0.007936507936507936
影片描述,137,0,0.7824162252007764,0.514,1.8156957082998173e-15,5.53440079829327e-16,0,1.0,0.010101010101010102
影片描述,138,0,0.6534520209387238,0.491,1.8156957082998173e-15,5.53440079829327e-16,0,1.0,-0.011111111111111112
影片描述,139,0,0.6534520209387242,0.497,1.8156957082998173e-15,5.53440079829327e-16,0,1.0,-0.009174311926605505
影片描述,140,0,0.7554384653057414,0.5,1.8156957082998173e-15,5.53440079829327e-16,0,1.0,0.0
影片描述,141,0,0.7112956764501723,0.476,1.8156957082998173e-15,5.53440079829327e-16,0,1.0,0.0
影片描述,142,0,0.8250061038299662,0.516,1.8156957082998173e-15,5.53440079829327e-16,0,1.0,0.022222222222222223
影片描述,143,0,0.848315391868136,0.508,1.8156957082998173e-15,5.53440079829327e-16,0,1.0,-0.011764705882352941
影片描述,144,0,0.8720303808148026,0.497,1.8156957082998173e-15,5.53440079829327e-16,0,1.0,-0.028985507246376812
影片描述,145,0,0.7461531010750952,0.525,1.8156957082998173e-15,5.53440079829327e-16,0,1.0,-0.011764705882352941
影片描述,146,0,0.7165330770540852,0.505,1.8156957082998173e-15,5.53440079829327e-16,0,1.0,0.0
影片描述,147,0,0.8756154561652737,0.514,1.8156957082998173e-15,5.53440079829327e-16,0,1.0,-0.028985507246376812
影片描述,148,0,0.7902512706561341,0.492,1.8156957082998173e-15,5.53440079829327e-16,0,1.0,-0.011904761904761904
影片描述,149,0,0.8315715193748476,0.507,1.8156957082998173e-15,5.53440079829327e-16,0,1.0,-0.018867924528301886
影片描述,150,0,0.7278447365626897,0.501,1.8156957082998173e-15,5.53440079829327e-16,0,1.0,0.0
影片描述,151,0,0.7902512706561339,0.523,1.8156957082998173e-15,5.53440079829327e-16,0,1.0,0.1
影片描述,152,0,0.7635873829472817,0.489,1.8156957082998173e-15,5.53440079829327e-16,0,1.0,-0.011904761904761904
影片描述,153,0,0.8249287052899412,0.52,1.8156957082998173e-15,5.53440079829327e-16,0,1.0,0.0
影片描述,154,0,0.6534520209387238,0.468,1.8156957082998173e-15,5.53440079829327e-16,0,1.0,0.0
影片描述,155,0,0.6609216274355261,0.492,1.8156957082998173e-15,5.53440079829327e-16,0,1.0,0.0
影片描述,156,0,0.6265168957430522,0.488,1.8156957082998173e-15,5.53440079829327e-16,0,1.0,0.0
影片描述,157,0,0.7137459358501428,0.494,1.8156957082998173e-15,5.53440079829327e-16,0,1.0,0.0125
影片描述,158,0,0.7665184237934154,0.468,1.8156957082998173e-15,5.53440079829327e-16,0,1.0,-0.03389830508474576
影片描述,159,0,0.661582641424149,0.498,1.8156957082998173e-15,5.53440079829327e-16,0,1.0,0.0
影片描述,160,0,0.7319942000111479,0.485,1.8156957082998173e-15,5.53440079829327e-16,0,1.0,0.0
影片描述,161,0,0.8441186775377463,0.492,1.8156957082998173e-15,5.53440079829327e-16,0,1.0,-0.006060606060606061
影片描述,162,0,0.9370751234105734,0.504,1.8156957082998173e-15,5.53440079829327e-16,0,1.0,0.0
影片描述,163,0,0.8286925837376208,0.517,1.8156957082998173e-15,5.53440079829327e-16,0,1.0,0.0
影片描述,164,0,0.7875568382400759,0.484,1.8156957082998173e-15,5.53440079829327e-16,0,1.0,0.0
影片描述,165,0,0.8228635309859388,0.49,1.8156957082998173e-15,5.53440079829327e-16,0,1.0,0.008333333333333333
影片描述,166,0,0.7165330770540852,0.493,1.8156957082998173e-15,5.53440079829327e-16,0,1.0,0.0
影片描述,167,0,0.8998870849609376,0.495,1.8156957082998173e-15,5.53440079829327e-16,0,1.0,0.011111111111111112
影片描述,168,0,0.8876480774745754,0.504,1.8156957082998173e-15,5.53440079829327e-16,0,1.0,0.0
影片描述,169,0,0.8069660766310838,0.479,1.8156957082998173e-15,5.53440079829327e-16,0,1.0,0.0
影片描述,170,0,0.6507933918756349,0.509,1.8156957082998173e-15,5.53440079829327e-16,0,1.0,-0.0063025210084033615
影片描述,171,0,0.7983859911551755,0.51,1.8156957082998173e-15,5.53440079829327e-16,0,1.0,0.0
影片描述,172,0,0.6437330338963485,0.508,1.8156957082998173e-15,5.53440079829327e-16,0,1.0,-0.004629629629629629
影片描述,173,0,0.6774622562209642,0.505,1.8156957082998173e-15,5.53440079829327e-16,0,1.0,0.00510204081632653
影片描述,174,0,0.7749117163406658,0.497,1.8156957082998173e-15,5.53440079829327e-16,0,1.0,0.0
影片描述,175,0,0.6625373397479111,0.528,1.8156957082998173e-15,5.53440079829327e-16,0,1.0,0.0
影片描述,176,0,0.8097109484587,0.494,1.8156957082998173e-15,5.53440079829327e-16,0,1.0,0.0
影片描述,177,0,0.6266158519915126,0.506,1.8156957082998173e-15,5.53440079829327e-16,0,1.0,0.0
影片描述,178,0,0.5787997428211087,0.477,1.8156957082998173e-15,5.53440079829327e-16,0,1.0,0.021791767554479417
影片描述,179,0,0.6721922528145924,0.531,1.8156957082998173e-15,5.53440079829327e-16,0,1.0,0.0
影片描述,180,0,0.6164136598607697,0.486,1.8156957082998173e-15,5.53440079829327e-16,0,1.0,-0.00646551724137931
影片描述,181,0,0.8485540501560394,0.497,1.8156957082998173e-15,5.53440079829327e-16,0,1.0,0.0
影片描述,182,0,0.8139887914005186,0.495,1.8156957082998173e-15,5.53440079829327e-16,0,1.0,-0.0027100271002710027
影片描述,183,0,0.6367021301917255,0.489,1.8156957082998173e-15,5.53440079829327e-16,0,1.0,0.0
影片描述,184,0,0.8003749477980087,0.501,1.8156957082998173e-15,5.53440079829327e-16,0,1.0,0.0
影片描述,185,0,0.7902852311584606,0.501,1.8156957082998173e-15,5.53440079829327e-16,0,1.0,0.0
影片描述,186,0,0.8659725148330881,0.516,1.8156957082998173e-15,5.53440079829327e-16,0,1.0,-0.0021691973969631237
影片描述,187,0,0.6774622562209643,0.505,1.8156957082998173e-15,5.53440079829327e-16,0,1.0,-0.0048543689320388345
影片描述,188,0,0.7824162252007762,0.497,1.8156957082998173e-15,5.53440079829327e-16,0,1.0,0.0
影片描述,189,0,0.8995705741578299,0.509,1.8156957082998173e-15,5.53440079829327e-16,0,1.0,-0.02857142857142857
影片描述,190,0,0.6609216274355257,0.503,1.8156957082998173e-15,5.53440079829327e-16,0,1.0,0.0
影片描述,191,0,0.6288436924303764,0.506,1.8156957082998173e-15,5.53440079829327e-16,0,1.0,0.0
影片描述,192,0,0.6265168957430522,0.491,1.8156957082998173e-15,5.53440079829327e-16,0,1.0,0.0
影片描述,193,0,0.7611664297623236,0.519,1.8156957082998173e-15,5.53440079829327e-16,0,1.0,0.0
影片描述,194,0,0.938114477303794,0.511,1.8156957082998173e-15,5.53440079829327e-16,0,1.0,0.0
影片描述,195,0,0.7461531010750955,0.495,1.8156957082998173e-15,5.53440079829327e-16,0,1.0,0.0
影片描述,196,0,0.6534520209387238,0.498,1.8156957082998173e-15,5.53440079829327e-16,0,1.0,0.0
影片描述,197,0,0.7824162252007762,0.52,1.8156957082998173e-15,5.53440079829327e-16,0,1.0,0.0
影片描述,198,0,0.7286666368355176,0.488,1.8156957082998173e-15,5.53440079829327e-16,0,1.0,-0.024390243902439025
影片描述,199,0,0.7813896309955233,0.48,1.8156957082998173e-15,5.53440079829327e-16,0,1.0,0.0
影片描述,200,0,0.8069660766310838,0.507,1.8156957082998173e-15,5.53440079829327e-16,0,1.0,0.0
影片描述,201,0,0.8381098851357778,0.49,1.8156957082998173e-15,5.53440079829327e-16,0,1.0,0.015037593984962405
影片描述,202,0,0.6560815305350136,0.497,1.8156957082998173e-15,5.53440079829327e-16,0,1.0,-0.0078125
影片描述,203,0,0.8173720074346779,0.494,1.8156957082998173e-15,5.53440079829327e-16,0,1.0,-0.010638297872340425
影片描述,204,0,0.7635873829472818,0.461,1.8156957082998173e-15,5.53440079829327e-16,0,1.0,0.0
影片描述,205,0,0.6437330338963486,0.484,1.8156957082998173e-15,5.53440079829327e-16,0,1.0,-0.0071090047393364926
影片描述,206,0,0.7426411426851198,0.499,1.8156957082998173e-15,5.53440079829327e-16,0,1.0,0.0
影片描述,207,0,0.7929159481708086,0.533,1.8156957082998173e-15,5.53440079829327e-16,0,1.0,-0.003484320557491289
影片描述,208,0,0.802855205432664,0.507,1.8156957082998173e-15,5.53440079829327e-16,0,1.0,0.0
影片描述,209,0,0.7343710058902302,0.489,1.8156957082998173e-15,5.53440079829327e-16,0,1.0,0.0
影片描述,210,0,0.6387627392914368,0.523,1.8156957082998173e-15,5.53440079829327e-16,0,1.0,-0.003134796238244514
影片描述,211,0,0.7810304621812626,0.538,1.8156957082998173e-15,5.53440079829327e-16,0,1.0,0.0
影片描述,212,0,0.809397107149864,0.486,1.8156957082998173e-15,5.53440079829327e-16,0,1.0,0.0
影片描述,213,0,0.6797517411470113,0.514,1.8156957082998173e-15,5.53440079829327e-16,0,1.0,-0.006688963210702341
影片描述,214,0,0.8272652737192846,0.522,1.8156957082998173e-15,5.53440079829327e-16,0,1.0,0.0
影片描述,215,0,0.7983859911551756,0.491,1.8156957082998173e-15,5.53440079829327e-16,0,1.0,-0.003257328990228013
影片描述,216,0,0.964368720354046,0.519,1.8156957082998173e-15,5.53440079829327e-16,0,1.0,-0.005
影片描述,217,0,0.8388535581588463,0.493,1.8156957082998173e-15,5.53440079829327e-16,0,1.0,0.0
影片描述,218,0,0.8228384009993737,0.504,1.8156957082998173e-15,5.53440079829327e-16,0,1.0,0.0
影片描述,219,0,0.7046764432025105,0.509,1.8156957082998173e-15,5.53440079829327e-16,0,1.0,0.0
影片描述,220,0,0.6514998511060309,0.495,1.8156957082998173e-15,5.53440079829327e-16,0,1.0,0.0
影片描述,221,0,0.7456466529169188,0.507,1.8156957082998173e-15,5.53440079829327e-16,0,1.0,0.0
影片描述,222,0,0.7137459358501431,0.508,1.8156957082998173e-15,5.53440079829327e-16,0,1.0,0.0
影片描述,223,0,0.7234259737802262,0.506,1.8156957082998173e-15,5.53440079829327e-16,0,1.0,-0.0030211480362537764
影片描述,224,0,0.86240348153658,0.501,1.8156957082998173e-15,5.53440079829327e-16,0,1.0,0.0
影片描述,225,0,0.6493919496250855,0.511,1.8156957082998173e-15,5.53440079829327e-16,0,1.0,0.0
影片描述,226,0,0.7182528919158921,0.49,1.8156957082998173e-15,5.53440079829327e-16,0,1.0,0.0
影片描述,227,0,0.6347569294667676,0.485,1.8156957082998173e-15,5.53440079829327e-16,0,1.0,-0.002036659877800407
影片描述,228,0,0.886128716462454,0.479,1.8156957082998173e-15,5.53440079829327e-16,0,1.0,0.0
影片描述,229,0,0.651499851106031,0.524,1.8156957082998173e-15,5.53440079829327e-16,0,1.0,-0.0019267822736030828
影片描述,230,0,0.7868024139095363,0.49,1.8156957082998173e-15,5.53440079829327e-16,0,1.0,-0.006211180124223602
影片描述,231,0,0.6160141985410895,0.512,1.8156957082998173e-15,5.53440079829327e-16,0,1.0,-0.003787878787878788
影片描述,232,0,0.9125053260647317,0.492,1.8156957082998173e-15,5.53440079829327e-16,0,1.0,-0.002369668246445498
影片描述,233,0,0.598896928914763,0.478,1.8156957082998173e-15,5.53440079829327e-16,0,1.0,-0.003913894324853229
影片描述,234,0,0.8936260896462656,0.502,1.8156957082998173e-15,5.53440079829327e-16,0,1.0,-0.004807692307692308
影片描述,235,0,0.6575896203941723,0.47,1.8156957082998173e-15,5.53440079829327e-16,0,1.0,-0.004098360655737705
影片描述,236,0,0.7255396198631181,0.485,1.8156957082998173e-15,5.53440079829327e-16,0,1.0,0.0
影片描述,237,0,0.6466644392970575,0.516,1.8156957082998173e-15,5.53440079829327e-16,0,1.0,-0.0036101083032490976
影片描述,238,0,0.8453270145314006,0.479,1.8156957082998173e-15,5.53440079829327e-16,0,1.0,-0.006097560975609756
影片描述,239,0,0.7089196381418211,0.504,1.8156957082998173e-15,5.53440079829327e-16,0,1.0,-0.002717391304347826
影片描述,240,0,0.7720110068656144,0.531,1.8156957082998173e-15,5.53440079829327e-16,0,1.0,-0.006349206349206349
影片描述,241,0,0.7116400613446092,0.508,1.8156957082998173e-15,5.53440079829327e-16,0,1.0,-0.00909090909090909
影片描述,242,0,0.7434289137198957,0.472,1.8156957082998173e-15,5.53440079829327e-16,0,1.0,-0.00546448087431694
影片描述,243,0,0.8041764369082242,0.514,1.8156957082998173e-15,5.53440079829327e-16,0,1.0,0.0
影片描述,244,0,0.7299879798511126,0.519,1.8156957082998173e-15,5.53440079829327e-16,0,1.0,-0.0019880715705765406
影片描述,245,0,0.6208156798312228,0.514,1.8156957082998173e-15,5.53440079829327e-16,0,1.0,0.0038022813688212928
影片描述,246,0,0.7016950511193203,0.472,1.8156957082998173e-15,5.53440079829327e-16,0,1.0,0.0
影片描述,247,0,0.6415810810976736,0.536,1.8156957082998173e-15,5.53440079829327e-16,0,1.0,0.0
影片描述,248,0,0.6227497487925174,0.517,1.8156957082998173e-15,5.53440079829327e-16,0,1.0,0.0
影片描述,249,0,0.7437108308327858,0.507,1.8156957082998173e-15,5.53440079829327e-16,0,1.0,-0.006191950464396285
影片描述,250,0,0.6164136598607697,0.499,1.8156957082998173e-15,5.53440079829327e-16,0,1.0,-0.0019011406844106464
影片描述,251,0,0.9251038880804032,0.521,1.8156957082998173e-15,5.53440079829327e-16,0,1.0,0.0
影片描述,252,0,0.6939525938020641,0.499,1.8156957082998173e-15,5.53440079829327e-16,0,1.0,-0.0023584905660377358
影片描述,253,0,0.6033785187746745,0.518,1.8156957082998173e-15,5.53440079829327e-16,0,1.0,-0.0024875621890547263
影片描述,254,0,0.6208156798312228,0.488,1.8156957082998173e-15,5.53440079829327e-16,0,1.0,-0.003205128205128205
影片描述,255,0,0.6931907805248778,0.514,1.8156957082998173e-15,5.53440079829327e-16,0,1.0,-0.0023584905660377358
影片描述,256,0,0.7375025286710405,0.539,1.8156957082998173e-15,5.53440079829327e-16,0,1.0,0.0
影片描述,257,0,0.8533020421292369,0.486,1.8156957082998173e-15,5.53440079829327e-16,0,1.0,-0.005235602094240838
影片描述,258,0,0.6620685756871874,0.492,1.8156957082998173e-15,5.53440079829327e-16,0,1.0,0.0
影片描述,259,0,0.7426792729279863,0.49,1.8156957082998173e-15,5.53440079829327e-16,0,1.0,0.0
影片描述,260,0,0.6958317142041308,0.503,1.8156957082998173e-15,5.53440079829327e-16,0,1.0,0.0
影片描述,261,0,0.8293202311918944,0.506,1.8156957082998173e-15,5.53440079829327e-16,0,1.0,0.0
影片描述,262,0,0.8080878736845535,0.517,1.8156957082998173e-15,5.53440079829327e-16,0,1.0,0.0
影片描述,263,0,0.880449768019873,0.512,1.8156957082998173e-15,5.53440079829327e-16,0,1.0,0.00202020202020202
影片描述,264,0,0.7100672660482084,0.494,1.8156957082998173e-15,5.53440079829327e-16,0,1.0,-0.006944444444444444
影片描述,265,0,0.7702287980945322,0.479,1.8156957082998173e-15,5.53440079829327e-16,0,1.0,0.0
影片描述,266,0,0.6055037155287463,0.519,1.8156957082998173e-15,5.53440079829327e-16,0,1.0,0.0
影片描述,267,0,0.8775450773704592,0.478,1.8156957082998173e-15,5.53440079829327e-16,0,1.0,0.0
影片描述,268,0,0.7311834092986087,0.476,1.8156957082998173e-15,5.53440079829327e-16,0,1.0,-0.00228310502283105
影片描述,269,0,0.8375588160382961,0.491,1.8156957082998173e-15,5.53440079829327e-16,0,1.0,0.0
影片描述,270,0,0.6654219536428058,0.506,1.8156957082998173e-15,5.53440079829327e-16,0,1.0,-0.006493506493506494
影片描述,271,0,0.7211676132762914,0.528,1.8156957082998173e-15,5.53440079829327e-16,0,1.0,-0.0023094688221709007
影片描述,272,0,0.7046764432025112,0.492,1.8156957082998173e-15,5.53440079829327e-16,0,1.0,-0.002890173410404624
影片描述,273,0,0.6268227448615754,0.506,1.8156957082998173e-15,5.53440079829327e-16,0,1.0,-0.0027624309392265192
影片描述,274,0,0.7788698781574213,0.499,1.8156957082998173e-15,5.53440079829327e-16,0,1.0,-0.002277904328018223
影片描述,275,0,0.7162420313901381,0.504,1.8156957082998173e-15,5.53440079829327e-16,0,1.0,-0.016286644951140065
影片描述,276,0,0.8947898627252971,0.461,1.8156957082998173e-15,5.53440079829327e-16,0,1.0,-0.00819672131147541
影片描述,277,0,0.6087205341558133,0.491,1.8156957082998173e-15,5.53440079829327e-16,0,1.0,0.0
影片描述,278,0,0.8000468886074259,0.513,1.8156957082998173e-15,5.53440079829327e-16,0,1.0,0.0
影片描述,279,0,0.713485065028292,0.53,1.8156957082998173e-15,5.53440079829327e-16,0,1.0,-0.010554089709762533
影片描述,280,0,0.6579795104979491,0.506,1.8156957082998173e-15,5.53440079829327e-16,0,1.0,0.006172839506172839
影片描述,281,0,0.680610674402741,0.47,1.8156957082998173e-15,5.53440079829327e-16,0,1.0,0.0
影片描述,282,0,0.7802258592294392,0.504,1.8156957082998173e-15,5.53440079829327e-16,0,1.0,0.0
影片描述,283,0,0.8291405230014621,0.488,1.8156957082998173e-15,5.53440079829327e-16,0,1.0,-0.014367816091954023
影片描述,284,0,0.811107802211227,0.537,1.8156957082998173e-15,5.53440079829327e-16,0,1.0,-0.0030303030303030303
影片描述,285,0,0.8775572050169016,0.536,1.8156957082998173e-15,5.53440079829327e-16,0,1.0,0.0
影片描述,286,0,0.7238061982585092,0.511,1.8156957082998173e-15,5.53440079829327e-16,0,1.0,0.002512562814070352
影片描述,287,0,0.7976738752809476,0.526,1.8156957082998173e-15,5.53440079829327e-16,0,1.0,0.0
影片描述,288,0,0.8811499867795888,0.483,1.8156957082998173e-15,5.53440079829327e-16,0,1.0,-0.002898550724637681
影片描述,289,0,0.6934731360032569,0.509,1.8156957082998173e-15,5.53440079829327e-16,0,1.0,-0.0053475935828877
影片描述,290,0,0.8027195077413221,0.533,1.8156957082998173e-15,5.53440079829327e-16,0,1.0,0.0024630541871921183
影片描述,291,0,0.9783735777076219,0.507,1.8156957082998173e-15,5.53440079829327e-16,0,1.0,0.0
影片描述,292,0,0.7635413962555763,0.508,1.8156957082998173e-15,5.53440079829327e-16,0,1.0,-0.0036900369003690036
影片描述,293,0,0.7484650947514045,0.51,1.8156957082998173e-15,5.53440079829327e-16,0,1.0,0.0
影片描述,294,0,0.8330960653144236,0.492,1.8156957082998173e-15,5.53440079829327e-16,0,1.0,0.0
影片描述,295,0,0.70169505111932,0.512,1.8156957082998173e-15,5.53440079829327e-16,0,1.0,0.003355704697986577
影片描述,296,0,0.8608018874884988,0.521,1.8156957082998173e-15,5.53440079829327e-16,0,1.0,0.0
影片描述,297,0,0.7606378659153783,0.502,1.8156957082998173e-15,5.53440079829327e-16,0,1.0,-0.0017482517482517483
影片描述,298,0,0.6268227448615756,0.533,,,0,1.0,-0.0019011406844106464
